d2bac3c9e4499032ca8e9b07c7d3bc40.png,1
67ac5bbaeb3f15071e74a36f64270aef.png,1
bb18c8800c62e37bd21641ad30aa3982.png,2
81c007db8cc1bc57cb08bcc00dda653b.png,6
9838b6548e7842a1c228e9548a32099c.png,5
c3833afba496feeb4153ed76ff2da85d.png,5
58e7594f5727cdfc362cf5b071520a1f.png,1
67af6e2923e52eff436a013572b7088b.png,2
c18ef5d1ddaa5651b201046f079f1607.png,1
521bec867654c32d592f32f9256c5704.png,5
4159e2236b2119f9c8aa39623aab4a84.png,5
ee0cca6b53ab15d28e448031f01d4d0f.png,2
f08034a69a57680dbe4521f6e913ba22.png,5
2e096f75543e315d8cf1ccf1ae45ce6a.png,4
2004c88f0aba56122257c4f71e67c719.png,6
af52bb1087469cc110332783dd328d6a.png,5
c8f1c03a90e5a0ead446526bbfc8e86a.png,5
22f13657c4a6b4a3fc6ea06d313c3725.png,6
becab807bbe933d1a5e84f378dfc083f.png,6
407d41dc4b0e9e0fddd2fe5a4e155986.png,6
3791b30f96733f69b473c8d2fcf3998b.png,6
874c068761a094896dc6a19678bfb2cb.png,5
2d47534396dae6130583dfb65c30fe61.png,2
2965539620963fea7f51907224ec840c.png,2
c1e1779aa5f1b9afd1016bb8018b5605.png,2
cf3d2262e2ddccfee4641197f689e6dd.png,5
1681c65312e7c67fcec67b39a5f31162.png,6
72e2febe065d177b01564edeb420e24b.png,6
84d8616020e202285cb4b5505d18541b.png,5
322b68d37074c1950a21243137800788.png,1
fd29fb706c41cc9552b40a057024f460.png,2
83cd9569896510c012ebc6c5bb7f3c74.png,6
25a9a37f1edef70afe4cbfb380f01224.png,6
e7fd792efe793efba7a339d3dd29e404.png,6
cc63958a1cedccb7dc1f0628f010206e.png,6
e654f6c8ac970fe75d7fd45967f5c27a.png,1
c4ea214b9c8cec7349c9d6fceb487191.png,6
c4c2e945778e09af22e5fc0a0e92bcbf.png,6
923228f28903085907978dbba69ee1e6.png,6
df36e9e73a06b3a37cc7bca56f6181b6.png,5
3361f78e86e2c0dcd0868286fb042384.png,6
94d83b7ef6a07cda5e0ce98dbc2a5550.png,6
aa1951a8a09b8b08d1d30607ddf5770f.png,2
46a52b0203c2e2e10adcfdb6dd3d30a0.png,6
227aabac4aa7eca8fa4b9fb2abddc5a0.png,6
d6786927b91d6676c532d902bb219796.png,0
b1098b20b934997bfc37b366c6bbbf72.png,2
2dabcd75a550fda4a489b2b92b0e1f1a.png,0
f77c1c3ab01cf6fb70d8de77238ed3d6.png,6
256e58f0e342d523cae925d1a3e55a38.png,6
fa866bb459eb719101f756a3b6244ca4.png,2
fb645ff861b4aa453c8bc1208a93184c.png,6
3463d25c4b8bc5061a3faa4ca6715537.png,6
83f39daba0fbd5d90c07da1eb1c4f80e.png,6
454e68bf5705eabf0f4d28fc1dbd77be.png,6
aced50eca3b94bc5a21142c87d461e01.png,5
f78395e7569fea6aa0263b0680b39fed.png,6
a7d96aa10f75ec5c93c09a6bfbbc7fd7.png,4
c12375fa8da3696e9198df1fd74703c1.png,6
44dd09cec3d8e1a42c64235346e4d062.png,6
6323e7bf168cb3f170902b24cd05e8c4.png,5
9695951a2cb28eb40557aa22e201b9c4.png,6
0f644501a2c12e1bf8edf3ac59103ae4.png,6
babe125be18f7ba4fa8a2f7eafce4693.png,2
5c81dac7d18a14bfd34a087e0c04195f.png,2
edb47f0f7a10ad7f4fc60f27094dbecd.png,0
62d277784521ca0bc25d6e91268b3c71.png,6
33b93a3dabdd6249159f5f3b1661f218.png,6
18b9e41bd60d9a52a5a2e113f8641d26.png,0
4ef7b09678867c6921d5385ecb18aef2.png,6
37efc50b4a1755cb4a489dc0620a4096.png,0
97ae91111b8028ee3ce13d6d2bbe2fc5.png,4
8a82dec5919fd014a82bd03d62ae4055.png,6
fc6e05f39ad27f0d3717f4fb51e607ef.png,6
32acc72c4d4c0d7659280c2dba57b948.png,2
aedc43302200cc1743842a25a2e2b34e.png,2
e64bc4a3e3dfc2db301f0b8c64253da5.png,6
3bc65e392aaeb35c1c6d871831a2b71c.png,6
132a3c58203c070e74e9791b04bd4fff.png,2
f18b9bd6c541fa3c97e8b4007158dddc.png,0
f1bdfe975f053e9b464b14f555db1aec.png,6
184d4c82d2d715ccc299db11357ea24c.png,4
16732968b8b8bf0e9dc529bb65031adf.png,6
b02abb6e18e64ffd99083dcf884ad75a.png,5
a8ffa90c01aaf037a5a965209eafef6f.png,6
2cb3ff37c40ccf6614c4e23c4ed0d91a.png,6
cc2bd788c5212e2ec7e0869b9e9279e5.png,6
55b0a18bf7d66e453577477afad86967.png,2
90749d71571a4caae55cb226918d68c9.png,6
642114296aa558155206d8465cf2da93.png,2
c8e15692cc70579b3ca3b0cf8236ac0d.png,6
e6247183a2fc69e8ea89dddc6f60f904.png,6
660f8eabfd38d964b474def9b7d640c3.png,5
fab4ccfe80780b02c35451533bceb848.png,6
1af9eb6b01aea02e6459d942c20f3f98.png,4
6ba4d97062cca79a3754b550f7f2efba.png,2
39db1b5308e58e1e486703dcb53b33ee.png,6
c95cd182d8e4c691e5c6d4287e40e370.png,2
098d28da6fe1db559126d701d74fc8e0.png,6
df17d9052c095d5b0593a3b9dd306d75.png,6
21988edf56792632bf60230be54b4ecb.png,6
6eb241282698d3a3b24f8a5427f1bbbf.png,6
7e6838d693e1748adf0ea38d6420f8ee.png,6
d95aadc4f1c44a4fe8ed3a50311c57c9.png,0
bb814584ad715755d1ea9556fd8c822d.png,2
29e5519889107e210f878f86e0d17436.png,6
f27cd92ce48e3148f78e5a46c11a460a.png,2
d6e1592cd3d3cd6718b56f6d556f77c4.png,6
f1aba86c1e48a3b1a4bc5e599f7024bf.png,6
68623ff99e2d99707211ae16ac655ebf.png,6
1bafc4435143804067e03a6a5aa1ae83.png,2
cc391aff32bf98e352ddaf3c1e6865cb.png,6
d70a1677a855b45e2049e3f08f47f153.png,5
ab28440ed0d4fd832a76b06f5d86e401.png,6
cb191c9c268825b566ef9ecff1c6a740.png,2
ed277f414662d8203eeb4a5ddbd58644.png,6
cd9875059a12da6235552ef1bfe6b306.png,6
78a06c0b3d0da8506826ca9fca8cf3aa.png,2
1c5adfdbc1c9bda0bc57c328a0ed4b35.png,5
4fe3639425f904963bfef4c492664577.png,5
2e9026dc8e4b4256aaad236b808de767.png,6
e600041da17eda6cff4cf14cdfb25d15.png,0
7e0b3d4f2a678d812e94c1f77f9820fa.png,6
64d3075ce83259e09384ffab2a403387.png,0
56c7427df79c37d0602a2797539ca761.png,6
d340f64a533f1be3a5c8d0fc9e621472.png,6
ddcb8094a49516b627eb25de87bb37e8.png,6
f45dc98e818745e359d7d25b00c91151.png,6
b71c0b85580e06b347da7e16d1aff3ff.png,2
691260f9a6de48296c0bcd79084d1c24.png,6
27831e1a3089f98f8aa98c84b198084f.png,2
286ea551a105d965fcc718e447932479.png,5
229048c8bf711a1039380054d624e368.png,6
fe1bb49509d3638c2930d94268ed1463.png,6
2d1714ec6d8fb7089eea8d8e301564e1.png,2
400e3359fc83a621bcfe57435ca6ca49.png,6
a87c6f398c7c3a24e8fa26a9fabceab3.png,2
82d7c8ecba1bb065d7d0c0d807f8785e.png,6
3693864fcaad69d5bd59f2c020ec125d.png,0
558c79ac06c4784ae50dc16f65ce131d.png,2
ca1b4cfe143a7c562868c4055752595e.png,2
d9ec09dd078d81bd9f7895e190b82f5e.png,2
a07d58a0a2d13823ee977d0f2c399450.png,6
f10e8db0da8109ca38912dcec52b779b.png,2
c8a6962325692dfdd5db9428d46bfdb0.png,6
01753b8013e298aa27ca91ac721ee0a8.png,6
c6a9be15246f408c883b625dc7bc5662.png,2
ada18724a43831db99512cf39a174d0a.png,6
dc6b70e34949c1fa255c0c936fc53655.png,6
306991d08929be5a1c9cad3ecc9423bf.png,6
088f75621475639f8316e4a34b170ac6.png,6
26b46628697510ce0ede5851006d5c34.png,2
535e72695bd844f8ef74d4aab4299f33.png,2
47ae0164d37b5c26a524d8b33132fcb5.png,6
2108e9d766f1c6ed6ad83765f576d347.png,6
74e9c27efd60a074b6b4d7e40f61c270.png,6
07bbb2e37d5e4febf70890df43c9fbd6.png,6
203665c1edc08215c3d2d4be5a4e51e6.png,0
6b1c575ba49400b73d64d0ffe90caab7.png,0
92d9830f22b0eaa4ced0575d60f5662b.png,6
59987085d01b140ce512082866095ddd.png,6
deba1747c5e39cae4b05d5a6e31139fa.png,6
ad6a439e55fd8b5bd17caf2d72b76d61.png,6
467b2ac03723ec804ecb709da4a5bb16.png,6
c1cde759eca19dd8fbe3884a352ba3c1.png,0
d9fbdadef6ca5cd7f3c3d3928fa6d57d.png,6
ce123c8a38d3da4112480b175c948142.png,6
cba6bd5b134c25e21d636d87b711f662.png,6
6fe05b4958791a509557c5fc392762ce.png,6
0354f8d19d2059012e3deca560b72847.png,0
852b1cbfb924539f2aa31a036ea6b565.png,6
77e241b18f2f7f615e4a76ae87cd42ac.png,6
a2cc79f44fdb6241278e3098721cf684.png,6
de49050472666ae8573048c5d768c8b7.png,2
572a802d11a61721053e7dee8911cfa6.png,2
c8f2e70de27ec0f45e7cd3774e86f076.png,6
f1e26485eb0dc75866b8526a00b90edd.png,1
dc015fe727ae7edab1c022a7ba0cf1bd.png,6
7a9d20013b87019f62372a31dc98ac92.png,6
ad94730f787cc90b11c25655c41366b6.png,6
ca9fe71f9b4e6348554b749f3c2e56d2.png,6
b12d076ff5807ed202abdecad845d75d.png,6
32f210990987f39829733c1ab5e7f307.png,6
a177a5fc4b0e7033c39fb4f2503279ab.png,6
37ef6efc7b2498d4a693e3da285fe940.png,6
5a11757de44e14ee556aa61633aaca25.png,1
86665d212e168b26d21f1dc4a8d1f12b.png,6
1d76114ea1cee496eb21836e03bb6aca.png,2
5940022fa2a35306a7e1b8438bddc7e6.png,2
371c578b2b298f59e97b620924576ff9.png,5
b39695f246374fd531122d6f8e238359.png,1
7ca097e84f18fef44746bec287cf476c.png,0
5ff2e2cbcbb9f92610ec54dca324d149.png,5
00be4bcb99952d90daaf06a8fcc9e17b.png,0
9209a4be6a83500ae0c536cc16386284.png,5
6b174a5db8261270d5620a19f78898c8.png,5
2670ef04cff8ca1c9567a2541137f6a3.png,0
e54daa4b483474920f81739c264c1efc.png,5
1dcc2fb45c366dafbb1f45c0e8afd3bd.png,5
4bf4c3e2b0c7a5de8b0e5016bf897b21.png,0
64ad852dc5e267ec279e02f7ec0b7307.png,5
e878b933513d306ccb61a3807e8140bf.png,0
d981688b62e7dc10c39869ef0a2d2ea6.png,0
b7ad3ba10383ead8c5b20272fb4767b1.png,0
55b77afa1e71c8efb5d119ddb8d84d62.png,0
9e9056fd822eb40e875da5573b284c7e.png,5
15beb0aca8a75b4d66f843547b310665.png,0
ddb15beb69fc4276b74a948a00eed2c8.png,6
7f6d5b67d6db6c79e9c39227ce246c0f.png,0
5a9240ed55163f56e829bec61d9a5a02.png,0
e668f37499adaead040d7d893e778cc7.png,6
e10a18206ceaefd148ed1fec42054dd4.png,5
688ac2ba9aff76f589c14be2813f9d5f.png,5
6c83bef6f525b8734ecdbd9dd5f0e822.png,6
3f5585b2050389844a621e34f98dc191.png,5
fd1fa18a3033459631670d50b9b5bfc9.png,6
5532bbc902f5d50f6f8a972016bcf04f.png,5
f3c89dc53032f4abdadce712829206fd.png,0
3ad5c9d9bc5932aea5907970f618c7b7.png,0
998ab155036c1e9bee491e7f41eb629b.png,5
9aced25f0da2ff491cf0da3fee0a8f3c.png,6
a18693f7fc1cf91848857da05da1efb6.png,5
5b9ca4868b5919ead2a0ff0ac520d014.png,0
f31a5c7d32b7b4479739bff76a23e8e4.png,6
e28cbb701b1b2ff727c3c7aba01fe6ff.png,6
75bbd59a808977f934508f3192e88303.png,0
593c544bf75684c898826405ab9b3971.png,5
96e320998184af49bfc791c8f1b0e174.png,6
4695bfda5557fa0aaae6e81d4492e0a5.png,6
23b55a045c5f88159ce54f69df645c5f.png,5
64741c2604c2ffef4dd1f45919ce58a2.png,0
80602e43414e592443aee9e67fcca5c7.png,6
9ee17127331be5b1c1f2bdea846ee60f.png,6
543017d891174b7fe9443a4dfa537410.png,5
a42224fcf640f0bca5a7564b9792495a.jpg,7
5de18144953b0dcf774605ae4a9c65c3.jpg,7
fc00af3afd475aa7679fe83be88b4b8e.jpg,7
c0d87b8dc5b8419b85c8fa07517007fd.jpg,7
57b5a38f58b25a43d4997a599154baf9.jpg,7
8f11fe151cb9ede441d591dbfc171948.jpg,7
38d20f98356a171a3c206985213c366b.jpg,7
72f9f788233f2c319950f11f67450fb5.jpg,7
83ce49e83a31bca8220080e97bbe7dca.jpg,7
48cec03c27c9107baa6cea045851ec23.jpg,7
4ef4e764a2ae0de2bd5d15affdf8cc20.jpg,7
34b96fce6c498a5b58c64227ee8b8b2c.jpg,7
4e650d081d0829b235247711d43e636a.jpg,7
81d85b24e58909760740b2519e58b5ee.jpg,7
87efd800597737afb79369647c5fbb6b.jpg,7
7fe4dcdc97b980c00c5bc84a1e5054e5.jpg,7
82f57c180f4a89b2fcce489bf47a2074.jpg,7
8fd4531b693efc3f1dbfc1a050f2235d.jpg,7
4dc08af974e49708c2a572d40c44e1c6.jpg,7
6d27e7fe9ac56869b5ee3158e4288f2d.jpg,7
43a5a3a84961dffd74413ae75d06532c.jpg,7
4c45723c0ff2ca52e833696ed63c21bc.jpg,7
3f1648bff3fcf3a0f8e238b14025bd79.jpg,7
d773c2c4b95da12d93796bcec165a6ba.jpg,7
5aebee416901cdd8fd9c02dcdc8b2e24.jpg,7
a18100a6cc186c4ed5e690250834edd4.jpg,7
fed52ed3aaaf68c38fbac9634c8f1216.jpg,7
4e90f3cc9051c8bcc7ee07f25e169134.jpg,7
ffe6dea0a2fca93de83bb3172639eea0.jpg,7
57e6b7c7279cc0006c1579a7914b6400.jpg,7
ef4f1ca88203040e47389f10e59a3228.jpg,7
d1e31a0be5400f04814d975c6e6a30b5.jpg,7
032a4ac5c1a3a8a90f6e7aede2d1ab64.jpg,7
6f168f004adff847d2b05768245ca582.jpg,7
71f2c726e38b6856536cc3bd62984b45.jpg,7
99ad0d41c91f4282f663613a92cd3bda.jpg,7
7d04fa6a4c45e5922a23c20145741c3b.jpg,7
8c2012b040cd3002296fb71f345262cb.jpg,7
5d489baa1594e92495ffc6efef85e3d6.jpg,7
31c42f79bb918fe1d8ef35b553e7d8cf.jpg,7
5db6baeb795d5d142e810fa78651c0af.jpg,7
97e6abb7e279b5ca10f72deb36e3f50d.jpg,7
0fb1d0763eb4256754f7c7af5a65fdbb.jpg,7
1b41bb5cc9d7bf78cb3017b4bd4d6dab.jpg,7
08c8a2a16296e358c839f3bbc79820ad.jpg,7
571a7ca172102713144a90ebef56f79a.jpg,7
7d208d81c92aad68c4447cc93e1793ee.jpg,7
42a371e91ff71144255dee4978b5a141.jpg,7
50ef304493d2ca4767c6def8079f1216.jpg,7
c58294e3e0d27de8c4e0752a83713fda.jpg,7
8c19c8ab265be2d52a60c1a175d59c89.jpg,7
82eed0a4b30c7066ff31e5be4985019a.jpg,7
2cd9e868bed17ffb8c6b118d91c441c7.jpg,7
b5cbe760bbc7918b04d11823ae2d8f49.jpg,7
4e63404b516800a93d6dc91e4f4a23b6.jpg,7
fb37df7e989131ce7a858ec25320067d.jpg,7
5b552fb15839338227880aaac895128a.jpg,7
0e72ba059329555ffcfe32d627a15b7a.jpg,7
25d0d3d0859700a1fccdf9e8c6524146.jpg,7
30b6c1170e08b3e8b97c080a8e67ada7.jpg,7
24c7a58c0e60303086d0f5f89b121ae4.jpg,7
0274d0b67e1ed7079ea95b5dedb8a5f0.jpg,7
0eee4ba7249e41b3a8e09d3d7a2a1632.jpg,7
fe8ee2abd7e7c47824995cab624ba07e.jpg,7
4f2198410f19ee761ebc0f9822bd5acf.jpg,7
97b76d98037a41d972411126f407e120.jpg,7
1e2d76fc8e520ef0289dd7b52aad2120.jpg,7
1ed50f19272049669f7227ff256d5340.jpg,7
53d68a5de7fae6e7e39a84b5a3cd2f43.jpg,7
4c06a5e958b8bf0e2a37bedd8c1d4161.jpg,7
5c4f07cadd546134cda4f326de4f39ab.jpg,7
25d23d51892cbe61aa9ec03457b6fad4.jpg,7
72d8dc79694ce96e8eb37f25d00c32a9.jpg,7
72b7bd69618ea149d63f3d41dc4ca287.jpg,7
069aa5f23bea4851455a6b1412134e79.jpg,7
755bf21d14bf061df211b60e58e8e1dd.jpg,7
96c0a686c6d2b974497d4c080d454df5.jpg,7
613bb35e2fb482c4bb7a4925ec0743b3.jpg,7
6fb6afb84ad3fadb641d9d5673156e93.jpg,7
70a229de10ed48af1fd97db19997aa62.jpg,7
cd5e1db7f0aac364ba2a0fd6407dd4cf.jpg,7
85eecdee71e8ac56831eb6bf276c28bb.jpg,7
b0acf3a63fa757598b06c51a431eea6d.jpg,7
de2a6626fa354f736fae29f7402956f1.jpg,7
e03a74d6e3859a7f29e7f77190c50d8f.jpg,7
afa20ef60268a59dc941d8de20af6abd.jpg,7
a0429ec7dd6733573064f6056eb7944e.jpg,7
7d5ad8c28f8ef3587fb14ddb53c316cd.jpg,7
228c237da9bca35c55632db3a7b78264.jpg,7
257b98dac6241fa7fc474d3ccd0cc23e.jpg,7
cd509e89fbf306cbd9e46574e6bc4391.jpg,7
ac6e3dc1e49d8d74f51345ba2876ec18.jpg,7
72a404525b6a423e540759439b50b3da.jpg,7
08a183312614facc181ff92c032dc8b0.jpg,7
70febe1909055262ca282551a222a10f.jpg,7
8b545da3675c0f8fa30fff4b2c75c4f6.jpg,7
d799c42032899b30e39a5ce95c27f098.jpg,7
6a656accd59e8b48a7a170d8249a527b.jpg,7
016abe4884715af85cd3f309f93b9641.jpg,7
2427f4ddad999d44139aa8b91e937885.jpg,7
76a410bec7b2e3644a4b141d8bb0d2c2.jpg,7
3e6b4ab56597dce5f196f82b752c43b2.jpg,7
13e11954a6ece398b2efe0e1da5b1aa5.jpg,7
cd10a42d92d2d276fcf5d02284916e11.jpg,7
6f80b9e7e26fb1ae973ec6d83924e20d.jpg,7
5f789231cfe92cef1737d0da94bfdad2.jpg,7
a9774d79170b2b5fef7627127f7ac524.jpg,7
6dab8f115db4ece5613a6aae83280ab0.jpg,7
ccac742910bc9649b0651d9fec0aedba.jpg,7
2f269eeeca0c01edeaae2f7cac656a6e.jpg,7
f7e7fb15ba1bfabcf68bcd62528f76a8.jpg,7
c715f3d6d0fdbcfa111d18774c6fde12.jpg,7
2c67bb33d774f18d4ddec29f0147e08a.jpg,7
219e480ba14792d239a27406ecd87cbb.jpg,7
829287721009574e474169c48068f412.jpg,7
3d921ce5a4bb73bebf7f3200257a74c4.jpg,7
079f0432663b4144b93a6a0403fd21ff.jpg,7
e3dce91b73fb5259fdcf32c9ac711958.jpg,7
c3994c3b7fc8f7f537ce70972618c80d.jpg,7
06c7baa22fc3647a98fc8fe2e2985a77.jpg,7
54aa2f1bf36b27de991db5cd358bde06.jpg,7
2e528f4e19ba089633b9ab5ad9719536.jpg,7
bc17b2b80667945dbbc470f72b152900.jpg,7
1aec33dc780057f576a8064deffe9cc8.jpg,7
a9789ebba82857c54345e95b0f1a5694.jpg,7
b7ff367d07ee32101f5188a34cc142ab.jpg,7
fb286549b06d7db25a7edb78c8287cf4.jpg,7
42ca868d015f5b088e3bfbd28db1621f.jpg,7
f8ec3bff30f0f39568125ed1c2d00a49.jpg,7
7e13446fb580d526839610d24614b93d.jpg,7
a7eb5a64037cd181a6f68af0b7b1ed02.jpg,7
39bef78824cddba30883954d4f12c6e0.jpg,7
c194978ce025c8b827df395ea10ae20e.jpg,7
a57cce5e02560bc8ec878ef7a2f783d2.jpg,7
cc333f3db2fe35e5216df327d861c39b.jpg,7
1ed53774dfae21b81495cab1d16f1149.jpg,7
a036718d77f4a4339b2aaf15e2087fe0.jpg,7
0a102c96d763d98ab7eec9efd5a38d79.jpg,7
14c1d65a2ad46d5efc6ad714224483ee.jpg,7
59fed3f27ebb81c0be581f47a33d4e65.jpg,7
d7c15764c5a698f47809c97f8836d442.jpg,7
