s-prd-398966407.jpg,7
s-prd-398966642.jpg,7
s-prd-398966845.jpg,7
s-prd-398967381.jpg,2
s-prd-398967587.jpg,2
s-prd-398968016.jpg,2
s-prd-398968141.jpg,2
s-prd-399395290.jpg,2
s-prd-399395819.jpg,2
s-prd-399396846.jpg,2
s-prd-401871998.jpg,7
s-prd-401871914.jpg,7
s-prd-401872340.jpg,7
s-prd-401873031.jpg,4
s-prd-401874188.jpg,4
s-prd-401874100.jpg,4
s-prd-401874606.jpg,4
s-prd-450517026.jpg,0
s-prd-450517240.jpg,5
s-prd-450517158.jpg,0
s-prd-450517489.jpg,5
s-prd-450517756.jpg,0
s-prd-450517936.jpg,5
s-prd-401878594.jpg,7
s-prd-401878455.jpg,7
s-prd-401900819.jpg,7
s-prd-401918945.jpg,7
s-prd-401918839.jpg,7
s-prd-401919248.jpg,7
s-prd-401919348.jpg,5
s-prd-401919387.jpg,5
s-prd-401919763.jpg,5
s-prd-404359630.jpg,2
s-prd-404359958.jpg,2
s-prd-404376189.jpg,2
s-prd-404419291.jpg,2
s-prd-404419384.jpg,2
s-prd-404419652.jpg,2
s-prd-404492231.jpg,7
s-prd-404492413.jpg,7
s-prd-404492595.jpg,4
s-prd-404492748.jpg,4
s-prd-404493493.jpg,4
s-prd-404494087.jpg,7
s-prd-421707903.jpg,7
s-prd-421708032.jpg,7
s-prd-421708864.jpg,0
s-prd-421708723.jpg,7
s-prd-421709013.jpg,4
s-prd-421708967.jpg,5
s-prd-421709019.jpg,5
s-prd-421709193.jpg,5
s-prd-421709225.jpg,7
s-prd-421709663.jpg,7
s-prd-421709712.jpg,7
s-prd-421709936.jpg,0
s-prd-421710039.jpg,0
s-prd-421710247.jpg,4
s-prd-421710389.jpg,4
s-prd-421726527.jpg,7
s-prd-421727205.jpg,7
s-prd-421727395.jpg,7
s-prd-491433744.jpg,5
s-prd-491434213.jpg,5
s-prd-491435077.jpg,7
s-prd-491435292.jpg,7
s-prd-491436644.jpg,7
s-prd-491437241.jpg,7
s-prd-491439445.jpg,7
s-prd-491441749.jpg,7
s-prd-491444015.jpg,5
s-prd-491444262.jpg,7
s-prd-491444643.jpg,7
s-prd-491445225.jpg,7
s-prd-578694921.jpg,7
s-prd-578695623.jpg,7
s-prd-578697248.jpg,7
s-prd-663807641.jpg,7
s-prd-663807708.jpg,7
s-prd-663808391.jpg,7
s-prd-404507679.jpg,5
s-prd-404507876.jpg,5
s-prd-404508604.jpg,5
s-prd-408860691.jpg,1
s-prd-408860180.jpg,1
s-prd-408862011.jpg,1
s-prd-408905969.jpg,5
s-prd-408906213.jpg,5
s-prd-408906491.jpg,7
s-prd-408906607.jpg,7
s-prd-408906828.jpg,7
s-prd-408912642.jpg,4
s-prd-408912537.jpg,4
s-prd-408912840.jpg,4
s-prd-408926819.jpg,0
s-prd-408926888.jpg,0
s-prd-408927318.jpg,0
s-prd-409336924.jpg,0
s-prd-409336996.jpg,0
s-prd-409337135.jpg,0
s-prd-431483031.jpg,0
s-prd-431483265.jpg,0
s-prd-431483494.jpg,0
s-prd-409352968.jpg,5
s-prd-409352816.jpg,5
s-prd-409353100.jpg,5
s-prd-411353669.jpg,4
s-prd-411354490.jpg,4
s-prd-411354878.jpg,3
s-prd-411355094.jpg,3
s-prd-411355218.jpg,3
s-prd-411387970.jpg,0
s-prd-411388067.jpg,0
s-prd-411388374.jpg,0
s-prd-409367868.jpg,7
s-prd-409367999.jpg,7
s-prd-409368117.jpg,7
s-prd-409368047.jpg,7
s-prd-409368540.jpg,7
s-prd-409368871.jpg,7
s-prd-411756018.jpg,5
s-prd-411756429.jpg,5
s-prd-411756609.jpg,2
s-prd-411757161.jpg,2
s-prd-411757546.jpg,0
s-prd-411757432.jpg,0
s-prd-411757764.jpg,0
s-prd-411757936.jpg,5
s-prd-411758161.jpg,2
s-prd-411758544.jpg,0
s-prd-411758706.jpg,0
s-prd-411759133.jpg,0
s-prd-554125143.jpg,2
s-prd-554125261.jpg,2
s-prd-554125753.jpg,2
s-prd-618850513.jpg,2
s-prd-618851133.jpg,2
s-prd-618853435.jpg,2
s-prd-411747876.jpg,2
s-prd-411748380.jpg,2
s-prd-411748538.jpg,2
s-prd-411748629.jpg,2
s-prd-411748825.jpg,2
s-prd-411861649.jpg,5
s-prd-411861753.jpg,5
s-prd-411862169.jpg,7
s-prd-411862427.jpg,7
s-prd-411864446.jpg,5
s-prd-411865762.jpg,7
s-prd-411868454.jpg,0
s-prd-411868242.jpg,0
s-prd-411868763.jpg,0
s-prd-463162168.jpg,2
s-prd-463162299.jpg,2
s-prd-463162359.jpg,2
s-prd-411890324.jpg,2
s-prd-411890520.jpg,2
s-prd-411891070.jpg,2
s-prd-411891004.jpg,2
s-prd-411891207.jpg,2
s-prd-411891363.jpg,2
s-prd-416759977.jpg,5
s-prd-416761910.jpg,5
s-prd-416762407.jpg,5
s-prd-501794228.jpg,5
s-prd-501794328.jpg,5
s-prd-501794595.jpg,5
s-prd-501794821.jpg,5
s-prd-501794903.jpg,5
s-prd-501795717.jpg,4
s-prd-501795295.jpg,5
s-prd-501796194.jpg,4
s-prd-501797959.jpg,4
s-prd-501799425.jpg,5
s-prd-501800022.jpg,5
s-prd-501801126.jpg,5
s-prd-416792344.jpg,7
s-prd-416792294.jpg,7
s-prd-416792893.jpg,7
s-prd-416793573.jpg,2
s-prd-416793720.jpg,2
s-prd-416794088.jpg,2
s-prd-416794179.jpg,0
s-prd-416794261.jpg,0
s-prd-416794663.jpg,0
s-prd-416797453.jpg,5
s-prd-416797685.jpg,5
s-prd-416797991.jpg,5
s-prd-416798194.jpg,0
s-prd-416798333.jpg,0
s-prd-416798486.jpg,0
s-prd-416813195.jpg,5
s-prd-416813022.jpg,5
s-prd-416815013.jpg,5
s-prd-416819627.jpg,7
s-prd-416820566.jpg,7
s-prd-416822048.jpg,7
s-prd-416822756.jpg,0
s-prd-416822432.jpg,0
s-prd-416823192.jpg,0
s-prd-418830076.jpg,0
s-prd-418830150.jpg,0
s-prd-418830458.jpg,0
s-prd-418830790.jpg,3
s-prd-418830875.jpg,3
s-prd-418830937.jpg,3
s-prd-469718374.jpg,5
s-prd-418874800.jpg,5
s-prd-418875001.jpg,5
s-prd-418875785.jpg,5
s-prd-418876279.jpg,5
s-prd-418876148.jpg,5
s-prd-418876814.jpg,5
s-prd-418876707.jpg,5
s-prd-418877019.jpg,5
s-prd-418876913.jpg,5
s-prd-469715376.jpg,5
s-prd-469715600.jpg,5
s-prd-419233790.jpg,2
s-prd-419234951.jpg,0
s-prd-419234406.jpg,2
s-prd-419235426.jpg,0
s-prd-419238029.jpg,2
s-prd-419238986.jpg,0
s-prd-420010418.jpg,7
s-prd-420010479.jpg,7
s-prd-420011290.jpg,7
s-prd-420056195.jpg,7
s-prd-420056300.jpg,7
s-prd-420057346.jpg,7
s-prd-727048274.jpg,5
s-prd-727048403.jpg,5
s-prd-727048894.jpg,5
s-prd-420074815.jpg,2
s-prd-420074765.jpg,2
s-prd-420075868.jpg,2
s-prd-421255619.jpg,5
s-prd-421255812.jpg,5
s-prd-421256066.jpg,5
s-prd-421323312.jpg,5
s-prd-421312740.jpg,5
s-prd-421314248.jpg,5
s-prd-421323211.jpg,5
s-prd-421323692.jpg,5
s-prd-421323326.jpg,0
s-prd-421323452.jpg,0
s-prd-421323635.jpg,3
s-prd-421323553.jpg,3
s-prd-421323763.jpg,0
s-prd-421323898.jpg,3
s-prd-421674636.jpg,4
s-prd-421674752.jpg,4
s-prd-421675230.jpg,4
s-prd-421675912.jpg,5
s-prd-421675983.jpg,5
s-prd-421676654.jpg,5
s-prd-601684759.jpg,0
s-prd-601685185.jpg,0
s-prd-601685370.jpg,0
s-prd-498491363.jpg,0
s-prd-498491353.jpg,0
s-prd-498491349.jpg,0
s-prd-498492011.jpg,5
s-prd-498492038.jpg,5
s-prd-498492033.jpg,5
s-prd-424115772.jpg,5
s-prd-424116348.jpg,5
s-prd-424118427.jpg,5
s-prd-424123314.jpg,2
s-prd-424123422.jpg,2
s-prd-424123701.jpg,2
s-prd-424123954.jpg,2
s-prd-424123845.jpg,2
s-prd-424124309.jpg,2
s-prd-478008198.jpg,7
s-prd-478008338.jpg,7
s-prd-478009162.jpg,7
s-prd-477874492.jpg,0
s-prd-424176860.jpg,5
s-prd-424177074.jpg,5
s-prd-424177340.jpg,5
s-prd-477868329.jpg,5
s-prd-477868408.jpg,5
s-prd-477869550.jpg,5
s-prd-477869754.jpg,0
s-prd-477869793.jpg,0
s-prd-477870640.jpg,7
s-prd-477870716.jpg,7
s-prd-477870853.jpg,7
s-prd-477871497.jpg,7
s-prd-477871227.jpg,7
s-prd-477872590.jpg,7
s-prd-578756774.jpg,5
s-prd-578757014.jpg,5
s-prd-578757941.jpg,5
s-prd-424930887.jpg,2
s-prd-424930844.jpg,2
s-prd-424931108.jpg,2
s-prd-426594712.jpg,2
s-prd-426594721.jpg,2
s-prd-426596847.jpg,2
s-prd-427317804.jpg,2
s-prd-427317881.jpg,2
s-prd-427317938.jpg,2
s-prd-506278124.jpg,6
s-prd-506278299.jpg,6
s-prd-506278240.jpg,6
s-prd-595384771.jpg,2
s-prd-595384615.jpg,2
s-prd-595385678.jpg,2
s-prd-595386156.jpg,2
s-prd-595386306.jpg,2
s-prd-595386934.jpg,2
s-prd-694900109.jpg,2
s-prd-694900208.jpg,2
s-prd-694900628.jpg,2
s-prd-429329722.jpg,0
s-prd-429331270.jpg,0
s-prd-429331285.jpg,0
s-prd-426498194.jpg,2
s-prd-426498189.jpg,2
s-prd-426499450.jpg,2
s-prd-429803735.jpg,2
s-prd-429803843.jpg,2
s-prd-429803988.jpg,2
s-prd-429851213.jpg,2
s-prd-429851552.jpg,2
s-prd-429852369.jpg,2
s-prd-429854106.jpg,6
s-prd-429854296.jpg,6
s-prd-429854693.jpg,6
s-prd-430706833.jpg,4
s-prd-430706826.jpg,4
s-prd-430706917.jpg,4
s-prd-426600033.jpg,5
s-prd-426600598.jpg,5
s-prd-426601495.jpg,5
s-prd-431399471.jpg,2
s-prd-431399614.jpg,2
s-prd-431399964.jpg,2
s-prd-431438127.jpg,0
s-prd-431438076.jpg,0
s-prd-431438363.jpg,0
s-prd-431437359.jpg,7
s-prd-431437443.jpg,7
s-prd-431437737.jpg,7
s-prd-433853868.jpg,4
s-prd-433853705.jpg,4
s-prd-433854076.jpg,4
s-prd-433915262.jpg,5
s-prd-433915337.jpg,5
s-prd-433915450.jpg,5
s-prd-433916058.jpg,7
s-prd-433916170.jpg,7
s-prd-433916460.jpg,5
s-prd-433916381.jpg,5
s-prd-433916624.jpg,5
s-prd-433917932.jpg,7
s-prd-498400305.jpg,7
s-prd-498400506.jpg,7
s-prd-498400868.jpg,7
s-prd-436212436.jpg,7
s-prd-436212396.jpg,7
s-prd-436212672.jpg,7
s-prd-436212797.jpg,4
s-prd-436212915.jpg,4
s-prd-441376578.jpg,2
s-prd-441376559.jpg,2
s-prd-441376569.jpg,2
s-prd-801788150.jpg,2
s-prd-801788166.jpg,2
s-prd-801788162.jpg,2
s-prd-801788149.jpg,2
s-prd-801788147.jpg,2
s-prd-801788164.jpg,2
s-prd-443702228.jpg,2
s-prd-443701846.jpg,2
s-prd-567681349.jpg,0
s-prd-567681361.jpg,0
s-prd-567681357.jpg,0
s-prd-697217179.jpg,6
s-prd-697217189.jpg,6
s-prd-697217174.jpg,6
s-prd-448028106.jpg,2
s-prd-448028215.jpg,2
s-prd-448028509.jpg,2
s-prd-448067244.jpg,2
s-prd-448067293.jpg,2
s-prd-448067529.jpg,2
s-prd-448419137.jpg,6
s-prd-448419246.jpg,6
s-prd-448419374.jpg,6
s-prd-450508801.jpg,7
s-prd-450508883.jpg,7
s-prd-450509059.jpg,7
s-prd-420027010.jpg,2
s-prd-420027088.jpg,2
s-prd-450548686.jpg,2
s-prd-450548679.jpg,2
s-prd-450548681.jpg,2
s-prd-622468896.jpg,2
s-prd-622468905.jpg,2
s-prd-622468919.jpg,2
s-prd-450601465.jpg,2
s-prd-450601482.jpg,2
s-prd-450601448.jpg,2
s-prd-455913120.jpg,6
s-prd-455913189.jpg,6
s-prd-455913411.jpg,6
s-prd-668186876.jpg,6
s-prd-668186553.jpg,6
s-prd-668187422.jpg,6
s-prd-455938948.jpg,6
s-prd-455939193.jpg,6
s-prd-495988541.jpg,2
s-prd-455937784.jpg,2
s-prd-455937888.jpg,2
s-prd-455938239.jpg,2
s-prd-455940679.jpg,6
s-prd-495988408.jpg,2
s-prd-495989045.jpg,5
s-prd-495989192.jpg,5
s-prd-495989797.jpg,5
s-prd-495990446.jpg,2
s-prd-561694741.jpg,2
s-prd-561694866.jpg,2
s-prd-561695135.jpg,2
s-prd-630515950.jpg,5
s-prd-630516120.jpg,5
s-prd-630516563.jpg,5
s-prd-630517705.jpg,5
s-prd-630517550.jpg,5
s-prd-630518216.jpg,5
s-prd-691431807.jpg,7
s-prd-691431995.jpg,7
s-prd-691432460.jpg,7
s-prd-691432710.jpg,5
s-prd-691432885.jpg,5
s-prd-691433104.jpg,5
s-prd-501819423.jpg,0
s-prd-501819518.jpg,0
s-prd-501819852.jpg,0
s-prd-734303431.jpg,3
s-prd-734303467.jpg,3
s-prd-734303884.jpg,3
s-prd-457593487.jpg,2
s-prd-457593458.jpg,2
s-prd-457593471.jpg,2
s-prd-770122737.jpg,2
s-prd-770122717.jpg,2
s-prd-770122764.jpg,6
s-prd-770122795.jpg,6
s-prd-770122774.jpg,6
s-prd-770122804.jpg,6
s-prd-457637505.jpg,5
s-prd-457636642.jpg,4
s-prd-457636773.jpg,4
s-prd-457636911.jpg,5
s-prd-457637215.jpg,4
s-prd-457637017.jpg,5
s-prd-618992870.jpg,0
s-prd-618992875.jpg,0
s-prd-618992882.jpg,0
s-prd-744124343.jpg,6
s-prd-744124337.jpg,6
s-prd-744124345.jpg,6
s-prd-457711289.jpg,2
s-prd-457711369.jpg,2
s-prd-457711507.jpg,2
s-prd-460192767.jpg,6
s-prd-460193483.jpg,6
s-prd-460193494.jpg,6
s-prd-582451194.jpg,7
s-prd-582451161.jpg,7
s-prd-582451172.jpg,7
s-prd-700808899.jpg,6
s-prd-700808926.jpg,6
s-prd-700808927.jpg,6
s-prd-460200638.jpg,7
s-prd-460200481.jpg,7
s-prd-460201277.jpg,7
s-prd-460579655.jpg,5
s-prd-547639053.jpg,2
s-prd-460859223.jpg,0
s-prd-460859261.jpg,0
s-prd-460859431.jpg,0
s-prd-460859655.jpg,2
s-prd-460859707.jpg,2
s-prd-460859781.jpg,2
s-prd-547637664.jpg,2
s-prd-547640507.jpg,2
s-prd-460940336.jpg,7
s-prd-460940636.jpg,7
s-prd-460940395.jpg,7
s-prd-572488606.jpg,7
s-prd-572488610.jpg,7
s-prd-572488616.jpg,7
s-prd-762086072.jpg,6
s-prd-762086068.jpg,6
s-prd-762086062.jpg,6
s-prd-462454908.jpg,0
s-prd-462454927.jpg,0
s-prd-462454901.jpg,0
s-prd-462526882.jpg,2
s-prd-462526905.jpg,2
s-prd-462526934.jpg,2
s-prd-462542479.jpg,5
s-prd-462542531.jpg,5
s-prd-462542629.jpg,5
s-prd-462542754.jpg,5
s-prd-462542819.jpg,5
s-prd-462542675.jpg,5
s-prd-462543683.jpg,5
s-prd-462543855.jpg,5
s-prd-462544357.jpg,5
s-prd-464792904.jpg,2
s-prd-464792885.jpg,2
s-prd-464792869.jpg,2
s-prd-550065687.jpg,2
s-prd-550065640.jpg,2
s-prd-550065521.jpg,2
s-prd-464804473.jpg,2
s-prd-464804907.jpg,2
s-prd-464871073.jpg,7
s-prd-464871179.jpg,7
s-prd-464871445.jpg,7
s-prd-464888100.jpg,5
s-prd-464888191.jpg,5
s-prd-464888389.jpg,5
s-prd-464888725.jpg,7
s-prd-464888525.jpg,7
s-prd-464889054.jpg,7
s-prd-464889310.jpg,0
s-prd-464889150.jpg,0
s-prd-464889986.jpg,7
s-prd-464890165.jpg,7
s-prd-464890226.jpg,7
s-prd-464923148.jpg,7
s-prd-464923299.jpg,7
s-prd-464923541.jpg,7
s-prd-464923667.jpg,5
s-prd-464924004.jpg,5
s-prd-464924144.jpg,4
s-prd-464924200.jpg,4
s-prd-464924272.jpg,4
s-prd-505352597.jpg,5
s-prd-505352679.jpg,5
s-prd-505353099.jpg,5
s-prd-505353781.jpg,7
s-prd-505353563.jpg,7
s-prd-505354499.jpg,7
s-prd-464925895.jpg,5
s-prd-464926022.jpg,5
s-prd-464926222.jpg,5
s-prd-465202631.jpg,6
s-prd-465202633.jpg,6
s-prd-465199794.jpg,6
s-prd-465587873.jpg,2
s-prd-465589439.jpg,2
s-prd-465588689.jpg,2
s-prd-467999815.jpg,4
s-prd-467999928.jpg,4
s-prd-468000134.jpg,4
s-prd-468059323.jpg,7
s-prd-468059474.jpg,7
s-prd-468059428.jpg,7
s-prd-468118682.jpg,2
s-prd-468118783.jpg,2
s-prd-468118839.jpg,2
s-prd-469684673.jpg,5
s-prd-469684777.jpg,5
s-prd-469685092.jpg,5
s-prd-469685710.jpg,7
s-prd-469685812.jpg,7
s-prd-469685988.jpg,7
s-prd-505181823.jpg,5
s-prd-505180756.jpg,5
s-prd-505182338.jpg,5
s-prd-582322567.jpg,3
s-prd-582322957.jpg,3
s-prd-582324487.jpg,5
s-prd-582324832.jpg,5
s-prd-582325005.jpg,5
s-prd-582325555.jpg,3
s-prd-582325823.jpg,5
s-prd-582325974.jpg,5
s-prd-582326197.jpg,5
s-prd-469705110.jpg,0
s-prd-469705241.jpg,0
s-prd-469705987.jpg,0
s-prd-469728691.jpg,5
s-prd-469729583.jpg,5
s-prd-469730320.jpg,5
s-prd-469771010.jpg,5
s-prd-469771048.jpg,5
s-prd-469771080.jpg,5
s-prd-469774049.jpg,0
s-prd-469774012.jpg,0
s-prd-469774029.jpg,0
s-prd-469776255.jpg,7
s-prd-469776188.jpg,7
s-prd-469776426.jpg,7
s-prd-469800998.jpg,7
s-prd-469801049.jpg,7
s-prd-469801194.jpg,7
s-prd-470472240.jpg,5
s-prd-470472521.jpg,5
s-prd-470472926.jpg,5
s-prd-470477120.jpg,2
s-prd-470477652.jpg,2
s-prd-470477243.jpg,2
s-prd-472171238.jpg,4
s-prd-472171383.jpg,4
s-prd-472171643.jpg,4
s-prd-472234265.jpg,1
s-prd-472234507.jpg,1
s-prd-472234467.jpg,1
s-prd-585926043.jpg,6
s-prd-472308529.jpg,2
s-prd-472308532.jpg,2
s-prd-472308526.jpg,2
s-prd-585926016.jpg,6
s-prd-585926025.jpg,6
s-prd-676848720.jpg,2
s-prd-676848755.jpg,2
s-prd-676848679.jpg,2
s-prd-676848911.jpg,2
s-prd-676848872.jpg,2
s-prd-676848935.jpg,2
s-prd-473100718.jpg,7
s-prd-473100831.jpg,7
s-prd-473101031.jpg,7
s-prd-473129929.jpg,5
s-prd-473130079.jpg,5
s-prd-473132718.jpg,5
s-prd-477841655.jpg,7
s-prd-477841335.jpg,7
s-prd-477841149.jpg,7
s-prd-478909898.jpg,3
s-prd-478910276.jpg,3
s-prd-478910010.jpg,3
s-prd-478977018.jpg,4
s-prd-479019667.jpg,2
s-prd-479019820.jpg,2
s-prd-479020533.jpg,2
s-prd-487941202.jpg,2
s-prd-487941381.jpg,2
s-prd-487942422.jpg,2
s-prd-481125541.jpg,7
s-prd-481125542.jpg,7
s-prd-481125538.jpg,7
s-prd-481185095.jpg,2
s-prd-481185104.jpg,2
s-prd-481185097.jpg,2
s-prd-481200225.jpg,5
s-prd-481200115.jpg,5
s-prd-481201062.jpg,5
s-prd-481673805.jpg,2
s-prd-481673810.jpg,2
s-prd-481673821.jpg,2
s-prd-481679139.jpg,0
s-prd-481679086.jpg,0
s-prd-482125052.jpg,5
s-prd-482125218.jpg,5
s-prd-482125294.jpg,5
s-prd-484526616.jpg,0
s-prd-484526883.jpg,0
s-prd-484527659.jpg,0
s-prd-484588914.jpg,6
s-prd-484588895.jpg,6
s-prd-484588906.jpg,6
s-prd-484588922.jpg,6
s-prd-484588881.jpg,6
s-prd-484588938.jpg,6
s-prd-484590066.jpg,7
s-prd-484590058.jpg,7
s-prd-484589998.jpg,7
s-prd-484590061.jpg,7
s-prd-484590000.jpg,7
s-prd-484590070.jpg,7
s-prd-485680867.jpg,5
s-prd-485681198.jpg,2
s-prd-485681281.jpg,5
s-prd-485681428.jpg,5
s-prd-485681851.jpg,2
s-prd-485681961.jpg,2
s-prd-668159065.jpg,4
s-prd-668159177.jpg,4
s-prd-668159634.jpg,4
s-prd-668159910.jpg,4
s-prd-668159797.jpg,4
s-prd-668160232.jpg,4
s-prd-486848514.jpg,2
s-prd-486848499.jpg,2
s-prd-486848462.jpg,2
s-prd-487975351.jpg,5
s-prd-487975498.jpg,5
s-prd-487975936.jpg,5
s-prd-486985691.jpg,2
s-prd-486985699.jpg,2
s-prd-486985689.jpg,2
s-prd-488058614.jpg,4
s-prd-488056239.jpg,4
s-prd-488055886.jpg,4
s-prd-488513953.jpg,2
s-prd-488513949.jpg,2
s-prd-488513956.jpg,2
s-prd-489096171.jpg,4
s-prd-489097079.jpg,4
s-prd-489097860.jpg,7
s-prd-516512656.jpg,4
s-prd-516512816.jpg,4
s-prd-489108911.jpg,5
s-prd-489109268.jpg,5
s-prd-489109661.jpg,5
s-prd-495946636.jpg,2
s-prd-495946742.jpg,2
s-prd-495947216.jpg,2
s-prd-491395667.jpg,4
s-prd-491395663.jpg,4
s-prd-491395673.jpg,4
s-prd-639852927.jpg,4
s-prd-639852920.jpg,4
s-prd-639852937.jpg,4
s-prd-491471752.jpg,5
s-prd-491471661.jpg,5
s-prd-491471928.jpg,5
s-prd-494838372.jpg,6
s-prd-494838874.jpg,6
s-prd-494843911.jpg,6
s-prd-755065074.jpg,4
s-prd-494894872.jpg,5
s-prd-494895011.jpg,5
s-prd-494895217.jpg,5
s-prd-494895710.jpg,5
s-prd-494895798.jpg,5
s-prd-494896114.jpg,5
s-prd-676850538.jpg,5
s-prd-676850800.jpg,5
s-prd-676851336.jpg,5
s-prd-676852135.jpg,5
s-prd-676852390.jpg,5
s-prd-676852563.jpg,5
s-prd-755064461.jpg,4
s-prd-755064549.jpg,4
s-prd-755065369.jpg,5
s-prd-755065605.jpg,5
s-prd-755067315.jpg,5
s-prd-755068528.jpg,5
s-prd-755068773.jpg,5
s-prd-755069559.jpg,5
s-prd-755070809.jpg,5
s-prd-755071168.jpg,5
s-prd-755071520.jpg,5
s-prd-755064973.jpg,4
s-prd-494911344.jpg,5
s-prd-494911362.jpg,5
s-prd-494911386.jpg,5
s-prd-559560599.jpg,0
s-prd-645439689.jpg,0
s-prd-645439688.jpg,0
s-prd-494927762.jpg,7
s-prd-494928490.jpg,7
s-prd-494928670.jpg,7
s-prd-494987097.jpg,1
s-prd-494987113.jpg,1
s-prd-494987174.jpg,1
s-prd-495004431.jpg,2
s-prd-495004418.jpg,2
s-prd-495004424.jpg,2
s-prd-495004944.jpg,2
s-prd-495004968.jpg,2
s-prd-495004996.jpg,2
s-prd-495381435.jpg,6
s-prd-495381437.jpg,6
s-prd-495981337.jpg,2
s-prd-495981193.jpg,2
s-prd-495982196.jpg,2
s-prd-730674367.jpg,4
s-prd-495994782.jpg,7
s-prd-495994893.jpg,7
s-prd-495995447.jpg,7
s-prd-730673609.jpg,4
s-prd-730673435.jpg,4
s-prd-730673921.jpg,4
s-prd-730674203.jpg,4
s-prd-730674164.jpg,4
s-prd-496074096.jpg,0
s-prd-496074537.jpg,0
s-prd-496074649.jpg,0
s-prd-496093681.jpg,7
s-prd-496094868.jpg,7
s-prd-496093925.jpg,7
s-prd-677895254.jpg,2
s-prd-677895378.jpg,2
s-prd-677895966.jpg,2
s-prd-496104694.jpg,2
s-prd-498319100.jpg,7
s-prd-498319111.jpg,7
s-prd-498319106.jpg,7
s-prd-498319585.jpg,4
s-prd-498319593.jpg,4
s-prd-498319591.jpg,4
s-prd-498405679.jpg,7
s-prd-498405801.jpg,7
s-prd-498406274.jpg,7
s-prd-498443821.jpg,5
s-prd-498443804.jpg,5
s-prd-498443811.jpg,5
s-prd-499465685.jpg,7
s-prd-499467412.jpg,7
s-prd-499467507.jpg,7
s-prd-498881731.jpg,2
s-prd-498881790.jpg,2
s-prd-498881781.jpg,2
s-prd-498914388.jpg,6
s-prd-498914374.jpg,6
s-prd-498914367.jpg,6
s-prd-499018174.jpg,2
s-prd-499018180.jpg,2
s-prd-499018176.jpg,2
s-prd-499427453.jpg,5
s-prd-499428819.jpg,5
s-prd-499428903.jpg,5
s-prd-664840234.jpg,5
s-prd-664840337.jpg,5
s-prd-664840803.jpg,5
s-prd-499474938.jpg,5
s-prd-499475291.jpg,4
s-prd-499475544.jpg,4
s-prd-499475498.jpg,4
s-prd-499475951.jpg,5
s-prd-499475894.jpg,5
s-prd-499536721.jpg,2
s-prd-499537098.jpg,5
s-prd-499538430.jpg,5
s-prd-499537821.jpg,5
s-prd-499539389.jpg,2
s-prd-499540008.jpg,2
s-prd-501817622.jpg,5
s-prd-501817633.jpg,5
s-prd-501817652.jpg,5
s-prd-598133456.jpg,0
s-prd-598133422.jpg,0
s-prd-598133369.jpg,0
s-prd-501830792.jpg,5
s-prd-501830787.jpg,5
s-prd-501830804.jpg,5
s-prd-501830841.jpg,0
s-prd-501830822.jpg,0
s-prd-501830862.jpg,0
s-prd-501831857.jpg,5
s-prd-501831862.jpg,5
s-prd-501831853.jpg,5
s-prd-594093438.jpg,2
s-prd-594093410.jpg,2
s-prd-594093474.jpg,2
s-prd-501872563.jpg,5
s-prd-501872717.jpg,5
s-prd-501873235.jpg,5
s-prd-501922787.jpg,0
s-prd-501922908.jpg,0
s-prd-501923347.jpg,0
s-prd-501940388.jpg,2
s-prd-501940387.jpg,2
s-prd-501940391.jpg,2
s-prd-501936330.jpg,2
s-prd-501936490.jpg,2
s-prd-501937098.jpg,5
s-prd-501937188.jpg,5
s-prd-501938894.jpg,2
s-prd-501939477.jpg,5
s-prd-501956112.jpg,5
s-prd-501956126.jpg,5
s-prd-501956120.jpg,5
s-prd-501956904.jpg,2
s-prd-501956909.jpg,2
s-prd-501956907.jpg,2
s-prd-501963148.jpg,0
s-prd-501963357.jpg,0
s-prd-501964147.jpg,0
s-prd-502888128.jpg,2
s-prd-502888196.jpg,2
s-prd-502888411.jpg,2
s-prd-502898056.jpg,5
s-prd-502898422.jpg,6
s-prd-502899556.jpg,7
s-prd-502899172.jpg,7
s-prd-502899961.jpg,7
s-prd-502900223.jpg,5
s-prd-502900412.jpg,5
s-prd-502900571.jpg,6
s-prd-502900622.jpg,6
s-prd-502950968.jpg,2
s-prd-502951038.jpg,2
s-prd-505210960.jpg,2
s-prd-505211076.jpg,2
s-prd-505211307.jpg,2
s-prd-505272095.jpg,2
s-prd-505272202.jpg,2
s-prd-505272380.jpg,2
s-prd-505311179.jpg,6
s-prd-505311162.jpg,6
s-prd-505311163.jpg,6
s-prd-505843006.jpg,6
s-prd-505843018.jpg,6
s-prd-505843016.jpg,6
s-prd-506312960.jpg,5
s-prd-506313037.jpg,5
s-prd-506313164.jpg,5
s-prd-506324311.jpg,5
s-prd-506322240.jpg,7
s-prd-506322555.jpg,7
s-prd-506322338.jpg,7
s-prd-506322984.jpg,5
s-prd-506322931.jpg,5
s-prd-506322866.jpg,5
s-prd-506323555.jpg,5
s-prd-506323513.jpg,5
s-prd-506323625.jpg,5
s-prd-506324244.jpg,5
s-prd-506324449.jpg,5
s-prd-506324732.jpg,5
s-prd-506324784.jpg,5
s-prd-506324828.jpg,5
s-prd-506325200.jpg,5
s-prd-506325425.jpg,5
s-prd-506325329.jpg,5
s-prd-597775707.jpg,5
s-prd-597775795.jpg,5
s-prd-597775974.jpg,5
s-prd-597776136.jpg,2
s-prd-597776160.jpg,2
s-prd-597776502.jpg,2
s-prd-646175744.jpg,5
s-prd-646176104.jpg,5
s-prd-646177246.jpg,5
s-prd-646177752.jpg,5
s-prd-646177965.jpg,5
s-prd-646178640.jpg,5
s-prd-512040982.jpg,5
s-prd-512041288.jpg,5
s-prd-512041171.jpg,5
s-prd-673784596.jpg,7
s-prd-673784697.jpg,7
s-prd-673785127.jpg,0
s-prd-673785623.jpg,0
s-prd-673786790.jpg,0
s-prd-673787097.jpg,7
s-prd-673787420.jpg,0
s-prd-673787581.jpg,0
s-prd-673787861.jpg,0
s-prd-673788240.jpg,0
s-prd-673788477.jpg,0
s-prd-673788729.jpg,0
s-prd-509610225.jpg,7
s-prd-509610626.jpg,7
s-prd-509611226.jpg,7
s-prd-509611689.jpg,7
s-prd-509611843.jpg,7
s-prd-509612180.jpg,7
s-prd-509612706.jpg,7
s-prd-509612545.jpg,7
s-prd-509613064.jpg,7
s-prd-509613349.jpg,7
s-prd-509613419.jpg,7
s-prd-509613622.jpg,7
s-prd-509613737.jpg,7
s-prd-509613884.jpg,7
s-prd-509614042.jpg,7
s-prd-509599828.jpg,4
s-prd-509600339.jpg,4
s-prd-618975469.jpg,7
s-prd-618975582.jpg,7
s-prd-618975933.jpg,7
s-prd-510992178.jpg,2
s-prd-510992180.jpg,2
s-prd-510992194.jpg,2
s-prd-512000051.jpg,2
s-prd-512000066.jpg,2
s-prd-512000059.jpg,2
s-prd-598172899.jpg,4
s-prd-598172918.jpg,4
s-prd-598172801.jpg,4
s-prd-598172813.jpg,4
s-prd-598172935.jpg,4
s-prd-598172843.jpg,4
s-prd-513104691.jpg,2
s-prd-513104758.jpg,2
s-prd-513104838.jpg,2
s-prd-514488750.jpg,2
s-prd-514488770.jpg,2
s-prd-514488763.jpg,2
s-prd-516473154.jpg,0
s-prd-516473265.jpg,0
s-prd-516473599.jpg,0
s-prd-516535776.jpg,4
s-prd-516536102.jpg,4
s-prd-516535988.jpg,4
s-prd-516536670.jpg,4
s-prd-516536937.jpg,4
s-prd-516537254.jpg,4
s-prd-625485136.jpg,5
s-prd-625485430.jpg,5
s-prd-625485784.jpg,5
s-prd-625486745.jpg,5
s-prd-625486845.jpg,5
s-prd-625487362.jpg,5
s-prd-625488145.jpg,7
s-prd-625487824.jpg,7
s-prd-625489978.jpg,7
s-prd-516599750.jpg,1
s-prd-516599457.jpg,1
s-prd-516599965.jpg,1
s-prd-519042308.jpg,7
s-prd-519042419.jpg,7
s-prd-519042342.jpg,7
s-prd-519454390.jpg,2
s-prd-519454389.jpg,2
s-prd-519454380.jpg,2
s-prd-519516823.jpg,2
s-prd-519516809.jpg,2
s-prd-519516816.jpg,2
s-prd-519941308.jpg,5
s-prd-519941899.jpg,5
s-prd-519944352.jpg,5
s-prd-610181999.jpg,2
s-prd-610182145.jpg,2
s-prd-610183541.jpg,2
s-prd-698287092.jpg,6
s-prd-698287229.jpg,6
s-prd-698287506.jpg,6
s-prd-522327833.jpg,2
s-prd-522328366.jpg,2
s-prd-522328803.jpg,2
s-prd-522338613.jpg,7
s-prd-522338612.jpg,7
s-prd-522338608.jpg,7
s-prd-522345023.jpg,4
s-prd-522345028.jpg,4
s-prd-522345031.jpg,4
s-prd-522373748.jpg,5
s-prd-522374153.jpg,5
s-prd-522374675.jpg,5
s-prd-522374512.jpg,5
s-prd-522374825.jpg,5
s-prd-522375087.jpg,5
s-prd-522375140.jpg,5
s-prd-522375585.jpg,5
s-prd-522375720.jpg,5
s-prd-522382102.jpg,0
s-prd-522382096.jpg,0
s-prd-522382105.jpg,0
s-prd-522445930.jpg,0
s-prd-522445946.jpg,0
s-prd-522445856.jpg,0
s-prd-522456528.jpg,3
s-prd-522456716.jpg,3
s-prd-522456782.jpg,3
s-prd-522473631.jpg,2
s-prd-522473568.jpg,2
s-prd-522473600.jpg,2
s-prd-523444103.jpg,1
s-prd-523444268.jpg,1
s-prd-523444831.jpg,1
s-prd-525617660.jpg,5
s-prd-525617667.jpg,5
s-prd-525617648.jpg,5
s-prd-653469854.jpg,4
s-prd-653469887.jpg,4
s-prd-653469911.jpg,4
s-prd-525631515.jpg,5
s-prd-525631796.jpg,5
s-prd-525632089.jpg,5
s-prd-525631907.jpg,5
s-prd-525632198.jpg,5
s-prd-525705333.jpg,4
s-prd-525705499.jpg,2
s-prd-525705352.jpg,4
s-prd-525705411.jpg,4
s-prd-525706314.jpg,2
s-prd-525706328.jpg,2
s-prd-636476225.jpg,5
s-prd-636476275.jpg,7
s-prd-636476260.jpg,7
s-prd-636476213.jpg,5
s-prd-636476298.jpg,7
s-prd-525714293.jpg,2
s-prd-525714283.jpg,2
s-prd-525714300.jpg,2
s-prd-525690659.jpg,2
s-prd-525690864.jpg,2
s-prd-525691404.jpg,2
s-prd-525771144.jpg,5
s-prd-525771228.jpg,5
s-prd-525771421.jpg,5
s-prd-529636970.jpg,0
s-prd-529637026.jpg,0
s-prd-529638395.jpg,0
s-prd-529648921.jpg,4
s-prd-529649189.jpg,4
s-prd-529650024.jpg,4
s-prd-529663697.jpg,2
s-prd-529664441.jpg,2
s-prd-529698025.jpg,7
s-prd-529698309.jpg,7
s-prd-529700098.jpg,7
s-prd-529712898.jpg,5
s-prd-529712602.jpg,5
s-prd-529715060.jpg,7
s-prd-529714893.jpg,7
s-prd-529715545.jpg,5
s-prd-529715811.jpg,5
s-prd-529716279.jpg,4
s-prd-529716479.jpg,4
s-prd-529716895.jpg,5
s-prd-529717122.jpg,5
s-prd-529718358.jpg,4
s-prd-529718821.jpg,5
s-prd-529720209.jpg,7
s-prd-529721389.jpg,5
s-prd-529722408.jpg,5
s-prd-532665316.jpg,2
s-prd-532665341.jpg,2
s-prd-532665332.jpg,2
s-prd-532665240.jpg,2
s-prd-533190173.jpg,2
s-prd-533190375.jpg,2
s-prd-533191937.jpg,2
s-prd-533655750.jpg,7
s-prd-533655878.jpg,7
s-prd-533656553.jpg,7
s-prd-533676567.jpg,5
s-prd-533676124.jpg,5
s-prd-533676918.jpg,5
s-prd-533677705.jpg,2
s-prd-533677990.jpg,2
s-prd-533678252.jpg,2
s-prd-758811828.jpg,4
s-prd-758811833.jpg,4
s-prd-536023089.jpg,5
s-prd-536023129.jpg,5
s-prd-536023126.jpg,5
s-prd-758811838.jpg,4
s-prd-758811823.jpg,4
s-prd-758811816.jpg,4
s-prd-536078042.jpg,7
s-prd-536078025.jpg,7
s-prd-536078032.jpg,7
s-prd-536682798.jpg,2
s-prd-536682946.jpg,2
s-prd-536683642.jpg,2
s-prd-536697897.jpg,2
s-prd-536697895.jpg,2
s-prd-536697930.jpg,2
s-prd-537168633.jpg,2
s-prd-537168563.jpg,2
s-prd-537169044.jpg,2
s-prd-537172805.jpg,7
s-prd-537172933.jpg,7
s-prd-537173234.jpg,7
s-prd-636329239.jpg,2
s-prd-636329344.jpg,2
s-prd-636329752.jpg,2
s-prd-636331275.jpg,2
s-prd-636330860.jpg,2
s-prd-636332445.jpg,2
s-prd-539636711.jpg,5
s-prd-539636643.jpg,5
s-prd-539637011.jpg,5
s-prd-539637264.jpg,7
s-prd-539637322.jpg,7
s-prd-539637627.jpg,7
s-prd-540143117.jpg,2
s-prd-540143116.jpg,2
s-prd-540143112.jpg,2
s-prd-540149685.jpg,2
s-prd-540149913.jpg,2
s-prd-540150372.jpg,2
s-prd-543024167.jpg,7
s-prd-543024298.jpg,4
s-prd-543024324.jpg,4
s-prd-543024191.jpg,7
s-prd-543024142.jpg,7
s-prd-676931883.jpg,7
s-prd-676931885.jpg,7
s-prd-676931870.jpg,7
s-prd-676932747.jpg,2
s-prd-676932736.jpg,2
s-prd-676932752.jpg,2
s-prd-543024270.jpg,4
s-prd-639808934.jpg,2
s-prd-639808889.jpg,2
s-prd-639808916.jpg,2
s-prd-639808973.jpg,5
s-prd-639808984.jpg,5
s-prd-639808976.jpg,5
s-prd-543068250.jpg,7
s-prd-543068295.jpg,7
s-prd-543068204.jpg,7
s-prd-543088642.jpg,4
s-prd-543088630.jpg,4
s-prd-543088645.jpg,4
s-prd-543094761.jpg,7
s-prd-543094791.jpg,7
s-prd-543163418.jpg,0
s-prd-543163411.jpg,0
s-prd-543163413.jpg,0
s-prd-540684700.jpg,5
s-prd-544115594.jpg,1
s-prd-544116036.jpg,1
s-prd-544116388.jpg,1
s-prd-546677619.jpg,2
s-prd-546678125.jpg,2
s-prd-546681045.jpg,2
s-prd-547124141.jpg,5
s-prd-547124091.jpg,5
s-prd-547126652.jpg,5
s-prd-690892438.jpg,7
s-prd-547129444.jpg,0
s-prd-547129313.jpg,0
s-prd-547130847.jpg,0
s-prd-629989014.jpg,4
s-prd-629987965.jpg,4
s-prd-690892056.jpg,7
s-prd-690892125.jpg,7
s-prd-549048559.jpg,6
s-prd-549048551.jpg,6
s-prd-549048554.jpg,6
s-prd-551181619.jpg,2
s-prd-551181677.jpg,2
s-prd-553157740.jpg,2
s-prd-553157834.jpg,2
s-prd-553158131.jpg,2
s-prd-816374649.jpg,2
s-prd-816374663.jpg,2
s-prd-816374667.jpg,2
s-prd-553668208.jpg,0
s-prd-553668205.jpg,0
s-prd-553668203.jpg,0
s-prd-553692199.jpg,2
s-prd-553692205.jpg,2
s-prd-553692206.jpg,2
s-prd-725916375.jpg,5
s-prd-725916428.jpg,5
s-prd-725916434.jpg,5
s-prd-553551267.jpg,5
s-prd-553555043.jpg,5
s-prd-553555723.jpg,5
s-prd-553558133.jpg,2
s-prd-553558690.jpg,2
s-prd-553560061.jpg,2
s-prd-554216753.jpg,7
s-prd-554216531.jpg,7
s-prd-554219088.jpg,7
s-prd-554232837.jpg,5
s-prd-554232955.jpg,5
s-prd-554233136.jpg,5
s-prd-554240048.jpg,2
s-prd-554240277.jpg,2
s-prd-554240746.jpg,2
s-prd-556501111.jpg,2
s-prd-556501072.jpg,2
s-prd-556501327.jpg,2
s-prd-560521231.jpg,1
s-prd-560521273.jpg,1
s-prd-560521259.jpg,1
s-prd-560547278.jpg,2
s-prd-560547409.jpg,2
s-prd-560547879.jpg,2
s-prd-560557001.jpg,2
s-prd-560556769.jpg,5
s-prd-560556943.jpg,2
s-prd-560556731.jpg,5
s-prd-560557057.jpg,2
s-prd-560556807.jpg,5
s-prd-560604892.jpg,2
s-prd-560604885.jpg,2
s-prd-560604876.jpg,2
s-prd-560608841.jpg,6
s-prd-560609036.jpg,6
s-prd-560609730.jpg,6
s-prd-560610281.jpg,6
s-prd-560610453.jpg,6
s-prd-560610881.jpg,6
s-prd-560611332.jpg,2
s-prd-560611563.jpg,2
s-prd-560611842.jpg,2
s-prd-791828583.jpg,6
s-prd-791828587.jpg,6
s-prd-791828585.jpg,6
s-prd-564178550.jpg,0
s-prd-564178576.jpg,0
s-prd-564178611.jpg,0
s-prd-556934616.jpg,2
s-prd-556934728.jpg,2
s-prd-556935259.jpg,2
s-prd-564815053.jpg,2
s-prd-564815090.jpg,2
s-prd-564815119.jpg,2
s-prd-564833919.jpg,1
s-prd-564833859.jpg,1
s-prd-564834103.jpg,1
s-prd-564834821.jpg,3
s-prd-564834790.jpg,3
s-prd-564835030.jpg,3
s-prd-755222687.jpg,0
s-prd-755222681.jpg,0
s-prd-755222668.jpg,0
s-prd-755222664.jpg,0
s-prd-755222657.jpg,0
s-prd-567798090.jpg,0
s-prd-567798088.jpg,0
s-prd-567798089.jpg,0
s-prd-568276346.jpg,1
s-prd-568276991.jpg,1
s-prd-568279358.jpg,1
s-prd-568281538.jpg,2
s-prd-568280817.jpg,2
s-prd-568282756.jpg,2
s-prd-568312355.jpg,2
s-prd-568312452.jpg,2
s-prd-568312591.jpg,2
s-prd-571313508.jpg,2
s-prd-571313526.jpg,2
s-prd-571313497.jpg,2
s-prd-571344677.jpg,2
s-prd-571344662.jpg,2
s-prd-571344642.jpg,2
s-prd-743398014.jpg,2
s-prd-743398110.jpg,2
s-prd-743398592.jpg,2
s-prd-743398718.jpg,2
s-prd-743590784.jpg,2
s-prd-743591073.jpg,2
s-prd-571479393.jpg,2
s-prd-571479386.jpg,2
s-prd-571479405.jpg,2
s-prd-571934490.jpg,3
s-prd-571934601.jpg,3
s-prd-571934861.jpg,3
s-prd-574924668.jpg,2
s-prd-574924746.jpg,2
s-prd-574925176.jpg,2
s-prd-574925008.jpg,2
s-prd-574925257.jpg,2
s-prd-574925440.jpg,2
s-prd-575603337.jpg,7
s-prd-575603551.jpg,7
s-prd-575603822.jpg,7
s-prd-578188509.jpg,2
s-prd-578188932.jpg,2
s-prd-578189472.jpg,2
s-prd-578212865.jpg,2
s-prd-578212871.jpg,2
s-prd-578212873.jpg,2
s-prd-578796519.jpg,2
s-prd-578796527.jpg,2
s-prd-578796526.jpg,2
s-prd-579850288.jpg,2
s-prd-579850290.jpg,2
s-prd-582327381.jpg,6
s-prd-582327358.jpg,6
s-prd-582327375.jpg,6
s-prd-582334024.jpg,5
s-prd-582334009.jpg,5
s-prd-582333990.jpg,5
s-prd-582396855.jpg,6
s-prd-582396270.jpg,6
s-prd-582396328.jpg,6
s-prd-582450327.jpg,7
s-prd-582450219.jpg,7
s-prd-582450083.jpg,7
s-prd-582478137.jpg,0
s-prd-582478141.jpg,0
s-prd-582478135.jpg,0
s-prd-583505094.jpg,2
s-prd-583505270.jpg,2
s-prd-583505883.jpg,2
s-prd-591269775.jpg,0
s-prd-591270003.jpg,0
s-prd-591272079.jpg,0
s-prd-585925109.jpg,5
s-prd-585925008.jpg,5
s-prd-585925405.jpg,5
s-prd-585925497.jpg,5
s-prd-585925562.jpg,0
s-prd-585925686.jpg,0
s-prd-585925810.jpg,2
s-prd-585926164.jpg,2
s-prd-585928247.jpg,5
s-prd-585928425.jpg,2
s-prd-585928580.jpg,5
s-prd-585928704.jpg,0
s-prd-585943197.jpg,4
s-prd-585943355.jpg,4
s-prd-585943230.jpg,4
s-prd-585943324.jpg,4
s-prd-585943170.jpg,4
s-prd-585943378.jpg,4
s-prd-585969146.jpg,0
s-prd-585965542.jpg,0
s-prd-585966754.jpg,0
s-prd-586022660.jpg,7
s-prd-586022646.jpg,7
s-prd-586022641.jpg,7
s-prd-586023231.jpg,7
s-prd-586023229.jpg,7
s-prd-586023233.jpg,7
s-prd-586039832.jpg,0
s-prd-586039805.jpg,0
s-prd-586039874.jpg,0
s-prd-586538277.jpg,0
s-prd-586538248.jpg,0
s-prd-586538225.jpg,0
s-prd-589525791.jpg,6
s-prd-589525941.jpg,6
s-prd-589526674.jpg,6
s-prd-589528023.jpg,2
s-prd-589527807.jpg,2
s-prd-589529390.jpg,2
s-prd-590546594.jpg,6
s-prd-590546588.jpg,6
s-prd-590546580.jpg,6
s-prd-593416010.jpg,2
s-prd-593415975.jpg,2
s-prd-593415938.jpg,2
s-prd-593677931.jpg,6
s-prd-593680809.jpg,6
s-prd-593680698.jpg,6
s-prd-594202561.jpg,5
s-prd-594202998.jpg,5
s-prd-594204047.jpg,5
s-prd-597674073.jpg,0
s-prd-597674276.jpg,0
s-prd-597675120.jpg,0
s-prd-600434218.jpg,5
s-prd-600434206.jpg,5
s-prd-600434316.jpg,5
s-prd-601216451.jpg,5
s-prd-601216767.jpg,5
s-prd-601217258.jpg,5
s-prd-601217639.jpg,5
s-prd-601218250.jpg,5
s-prd-601219029.jpg,5
s-prd-601722129.jpg,0
s-prd-601722434.jpg,0
s-prd-601724798.jpg,0
s-prd-602886083.jpg,5
s-prd-602886422.jpg,5
s-prd-602887695.jpg,5
s-prd-602917065.jpg,0
s-prd-602917166.jpg,0
s-prd-602917781.jpg,0
s-prd-606643132.jpg,1
s-prd-606643360.jpg,1
s-prd-606644107.jpg,1
s-prd-606690160.jpg,5
s-prd-606689929.jpg,5
s-prd-606692824.jpg,5
s-prd-608745859.jpg,4
s-prd-608746040.jpg,4
s-prd-608746848.jpg,4
s-prd-608747692.jpg,5
s-prd-608747911.jpg,5
s-prd-608748374.jpg,5
s-prd-609140208.jpg,6
s-prd-609140269.jpg,2
s-prd-609140259.jpg,2
s-prd-609140210.jpg,6
s-prd-609140212.jpg,6
s-prd-609140257.jpg,2
s-prd-610265579.jpg,5
s-prd-610265816.jpg,5
s-prd-610268327.jpg,5
s-prd-612095203.jpg,6
s-prd-612095201.jpg,6
s-prd-612095509.jpg,6
s-prd-612595733.jpg,2
s-prd-612595737.jpg,2
s-prd-612595738.jpg,2
s-prd-613074223.jpg,6
s-prd-613074224.jpg,6
s-prd-613075816.jpg,6
s-prd-615606671.jpg,6
s-prd-615606560.jpg,6
s-prd-615606571.jpg,2
s-prd-615606602.jpg,2
s-prd-615606623.jpg,2
s-prd-615606650.jpg,6
s-prd-619971150.jpg,5
s-prd-619971217.jpg,5
s-prd-619972011.jpg,5
s-prd-671620246.jpg,7
s-prd-619983548.jpg,4
s-prd-619983677.jpg,4
s-prd-619984143.jpg,4
s-prd-671619254.jpg,7
s-prd-671619214.jpg,7
s-prd-620044325.jpg,2
s-prd-620044886.jpg,2
s-prd-620045325.jpg,2
s-prd-620046192.jpg,4
s-prd-620045926.jpg,4
s-prd-620046503.jpg,4
s-prd-622048340.jpg,4
s-prd-622048628.jpg,4
s-prd-622050242.jpg,4
s-prd-622588198.jpg,6
s-prd-622588706.jpg,6
s-prd-622589685.jpg,6
s-prd-729572801.jpg,2
s-prd-729572680.jpg,2
s-prd-729573220.jpg,2
s-prd-625915155.jpg,1
s-prd-625915357.jpg,1
s-prd-625916231.jpg,1
s-prd-626513344.jpg,6
s-prd-626513525.jpg,6
s-prd-626514237.jpg,6
s-prd-626987399.jpg,6
s-prd-626987277.jpg,6
s-prd-626988783.jpg,6
s-prd-628953486.jpg,5
s-prd-628953690.jpg,5
s-prd-628954154.jpg,5
s-prd-628955225.jpg,2
s-prd-628955097.jpg,2
s-prd-628956392.jpg,2
s-prd-624522109.jpg,0
s-prd-624522110.jpg,0
s-prd-624522111.jpg,0
s-prd-629026106.jpg,5
s-prd-629026676.jpg,5
s-prd-629023490.jpg,5
s-prd-629023742.jpg,5
s-prd-629024131.jpg,5
s-prd-629024643.jpg,5
s-prd-629024524.jpg,5
s-prd-629025057.jpg,5
s-prd-629025854.jpg,5
s-prd-629027073.jpg,5
s-prd-629027166.jpg,5
s-prd-629027317.jpg,5
s-prd-629028915.jpg,2
s-prd-629029513.jpg,2
s-prd-629031169.jpg,2
s-prd-629351254.jpg,0
s-prd-629351278.jpg,0
s-prd-629351286.jpg,0
s-prd-629402671.jpg,2
s-prd-629402799.jpg,2
s-prd-629403245.jpg,2
s-prd-629529119.jpg,2
s-prd-629529144.jpg,2
s-prd-629529176.jpg,2
s-prd-736919533.jpg,6
s-prd-736919536.jpg,6
s-prd-736919538.jpg,6
s-prd-736919711.jpg,2
s-prd-736921773.jpg,2
s-prd-736921772.jpg,2
s-prd-629537308.jpg,4
s-prd-629537354.jpg,4
s-prd-687094841.jpg,6
s-prd-687094830.jpg,6
s-prd-687094822.jpg,6
s-prd-629967824.jpg,4
s-prd-631859058.jpg,6
s-prd-631859073.jpg,6
s-prd-631859066.jpg,6
s-prd-632421565.jpg,7
s-prd-632418096.jpg,2
s-prd-632418325.jpg,2
s-prd-632418935.jpg,2
s-prd-632419604.jpg,7
s-prd-632419928.jpg,7
s-prd-629546117.jpg,7
s-prd-632450483.jpg,7
s-prd-632450668.jpg,7
s-prd-632451203.jpg,7
s-prd-632451871.jpg,7
s-prd-632452078.jpg,7
s-prd-632452698.jpg,7
s-prd-632469095.jpg,6
s-prd-632469223.jpg,6
s-prd-632469524.jpg,6
s-prd-632472645.jpg,2
s-prd-632472574.jpg,2
s-prd-632473142.jpg,2
s-prd-632864513.jpg,6
s-prd-632864505.jpg,6
s-prd-632864483.jpg,6
s-prd-633423211.jpg,0
s-prd-633423371.jpg,0
s-prd-633423757.jpg,0
s-prd-633874797.jpg,5
s-prd-633874993.jpg,5
s-prd-633875243.jpg,5
s-prd-633895660.jpg,7
s-prd-633895874.jpg,7
s-prd-633897956.jpg,7
s-prd-633900496.jpg,2
s-prd-633900750.jpg,2
s-prd-633900675.jpg,2
s-prd-633954204.jpg,2
s-prd-633954655.jpg,2
s-prd-633956535.jpg,2
s-prd-635949925.jpg,5
s-prd-635950116.jpg,5
s-prd-635950589.jpg,5
s-prd-636392726.jpg,0
s-prd-636392728.jpg,0
s-prd-636392709.jpg,0
s-prd-725964889.jpg,2
s-prd-725964879.jpg,2
s-prd-725964916.jpg,2
s-prd-636431025.jpg,0
s-prd-636431123.jpg,0
s-prd-636432003.jpg,0
s-prd-636432520.jpg,0
s-prd-636432835.jpg,0
s-prd-636433320.jpg,0
s-prd-637442805.jpg,5
s-prd-637443039.jpg,5
s-prd-637445671.jpg,5
s-prd-637492707.jpg,5
s-prd-637492572.jpg,5
s-prd-637493712.jpg,5
s-prd-637495113.jpg,4
s-prd-637495494.jpg,4
s-prd-637496928.jpg,4
s-prd-638744645.jpg,6
s-prd-638744638.jpg,6
s-prd-638744640.jpg,6
s-prd-639798404.jpg,3
s-prd-639798389.jpg,3
s-prd-639798397.jpg,3
s-prd-639846850.jpg,5
s-prd-639846843.jpg,5
s-prd-639846911.jpg,5
s-prd-639846907.jpg,5
s-prd-639846865.jpg,5
s-prd-639846889.jpg,5
s-prd-639952767.jpg,6
s-prd-639952899.jpg,6
s-prd-639953516.jpg,6
s-prd-650116303.jpg,2
s-prd-650116534.jpg,2
s-prd-650116999.jpg,2
s-prd-650118212.jpg,2
s-prd-650118269.jpg,2
s-prd-650118680.jpg,2
s-prd-650120345.jpg,2
s-prd-650120912.jpg,2
s-prd-650122425.jpg,2
s-prd-690413259.jpg,2
s-prd-690413115.jpg,2
s-prd-690413588.jpg,2
s-prd-750181680.jpg,2
s-prd-750181875.jpg,2
s-prd-750182427.jpg,2
s-prd-640004073.jpg,2
s-prd-640003736.jpg,2
s-prd-640005469.jpg,2
s-prd-640381386.jpg,2
s-prd-640381207.jpg,2
s-prd-640382240.jpg,2
s-prd-640508936.jpg,5
s-prd-640509064.jpg,5
s-prd-640509576.jpg,5
s-prd-640885863.jpg,3
s-prd-640886020.jpg,3
s-prd-640886577.jpg,3
s-prd-640931309.jpg,5
s-prd-640931439.jpg,5
s-prd-640932432.jpg,5
s-prd-640938060.jpg,7
s-prd-640938174.jpg,7
s-prd-640939036.jpg,7
s-prd-642734415.jpg,0
s-prd-642734033.jpg,0
s-prd-642735781.jpg,0
s-prd-643132821.jpg,7
s-prd-643132835.jpg,7
s-prd-643132830.jpg,7
s-prd-643139316.jpg,7
s-prd-643139348.jpg,7
s-prd-643139269.jpg,7
s-prd-643198281.jpg,5
s-prd-643198278.jpg,5
s-prd-643198263.jpg,5
s-prd-643256557.jpg,2
s-prd-643256533.jpg,2
s-prd-643256510.jpg,2
s-prd-643312010.jpg,5
s-prd-643312082.jpg,5
s-prd-643312419.jpg,5
s-prd-643716943.jpg,2
s-prd-643717037.jpg,2
s-prd-643717329.jpg,2
s-prd-646168642.jpg,5
s-prd-646170868.jpg,5
s-prd-646173486.jpg,5
s-prd-646173981.jpg,5
s-prd-646588806.jpg,1
s-prd-646597746.jpg,1
s-prd-646597668.jpg,1
s-prd-646648216.jpg,6
s-prd-646648372.jpg,6
s-prd-646648992.jpg,6
s-prd-646666022.jpg,5
s-prd-646666126.jpg,5
s-prd-646667308.jpg,5
s-prd-646669270.jpg,5
s-prd-646669487.jpg,5
s-prd-646669900.jpg,5
s-prd-647199834.jpg,2
s-prd-647199970.jpg,2
s-prd-647200300.jpg,2
s-prd-647200461.jpg,2
s-prd-647201799.jpg,2
s-prd-647202546.jpg,2
s-prd-647205193.jpg,4
s-prd-647205072.jpg,4
s-prd-647205548.jpg,4
s-prd-647265669.jpg,2
s-prd-647265806.jpg,2
s-prd-647266169.jpg,2
s-prd-647668501.jpg,5
s-prd-647669007.jpg,5
s-prd-647670238.jpg,5
s-prd-647671107.jpg,2
s-prd-647671448.jpg,2
s-prd-647672020.jpg,2
s-prd-727025254.jpg,6
s-prd-727025405.jpg,6
s-prd-727025681.jpg,6
s-prd-727026139.jpg,5
s-prd-727026288.jpg,5
s-prd-727026636.jpg,5
s-prd-647674614.jpg,2
s-prd-647674682.jpg,2
s-prd-647675032.jpg,2
s-prd-647708152.jpg,5
s-prd-647708242.jpg,5
s-prd-647709210.jpg,5
s-prd-647724969.jpg,5
s-prd-647725046.jpg,5
s-prd-647725386.jpg,5
s-prd-647731209.jpg,5
s-prd-647731664.jpg,5
s-prd-647732504.jpg,5
s-prd-649635193.jpg,7
s-prd-649635891.jpg,7
s-prd-649658541.jpg,0
s-prd-649658365.jpg,0
s-prd-649659064.jpg,0
s-prd-650169957.jpg,4
s-prd-650170059.jpg,4
s-prd-650170032.jpg,4
s-prd-650170121.jpg,4
s-prd-650170146.jpg,4
s-prd-650170171.jpg,4
s-prd-650204705.jpg,0
s-prd-650204807.jpg,0
s-prd-650205336.jpg,0
s-prd-650206433.jpg,0
s-prd-650207117.jpg,0
s-prd-650207551.jpg,0
s-prd-650605030.jpg,2
s-prd-650605025.jpg,2
s-prd-650605047.jpg,2
s-prd-650632099.jpg,0
s-prd-650632762.jpg,0
s-prd-650633491.jpg,0
s-prd-650633850.jpg,2
s-prd-650634727.jpg,2
s-prd-650635003.jpg,2
s-prd-650715135.jpg,0
s-prd-650715033.jpg,0
s-prd-650715610.jpg,0
s-prd-651165608.jpg,5
s-prd-651165393.jpg,5
s-prd-651166022.jpg,5
s-prd-653085048.jpg,7
s-prd-653085160.jpg,7
s-prd-653085829.jpg,7
s-prd-653100754.jpg,4
s-prd-653100872.jpg,4
s-prd-653101000.jpg,4
s-prd-653101590.jpg,5
s-prd-653101687.jpg,5
s-prd-653102420.jpg,5
s-prd-653103826.jpg,5
s-prd-653104229.jpg,5
s-prd-653104814.jpg,5
s-prd-653106179.jpg,5
s-prd-653106026.jpg,5
s-prd-653106614.jpg,5
s-prd-653107435.jpg,4
s-prd-653107512.jpg,4
s-prd-653108136.jpg,4
s-prd-653114683.jpg,2
s-prd-653114941.jpg,2
s-prd-653115629.jpg,2
s-prd-653116379.jpg,7
s-prd-653116553.jpg,7
s-prd-653116796.jpg,7
s-prd-653461050.jpg,3
s-prd-653461056.jpg,3
s-prd-653459284.jpg,2
s-prd-653459377.jpg,2
s-prd-653460126.jpg,2
s-prd-653460699.jpg,2
s-prd-653460896.jpg,2
s-prd-653461170.jpg,2
s-prd-653535200.jpg,5
s-prd-653535222.jpg,5
s-prd-653534654.jpg,5
s-prd-653534980.jpg,5
s-prd-653535803.jpg,5
s-prd-653536628.jpg,0
s-prd-653536778.jpg,0
s-prd-653537288.jpg,0
s-prd-653543532.jpg,5
s-prd-653543795.jpg,5
s-prd-653544109.jpg,5
s-prd-653655202.jpg,5
s-prd-653655384.jpg,5
s-prd-653656265.jpg,5
s-prd-653656637.jpg,2
s-prd-653656735.jpg,2
s-prd-653657290.jpg,2
s-prd-654008768.jpg,0
s-prd-654008678.jpg,0
s-prd-654011074.jpg,0
s-prd-628386151.jpg,4
s-prd-628386152.jpg,4
s-prd-628386149.jpg,4
s-prd-656470398.jpg,4
s-prd-656470519.jpg,4
s-prd-656471304.jpg,4
s-prd-656472423.jpg,5
s-prd-656472306.jpg,5
s-prd-656472764.jpg,5
s-prd-656473847.jpg,7
s-prd-656473788.jpg,7
s-prd-656474553.jpg,7
s-prd-656500950.jpg,0
s-prd-656501060.jpg,0
s-prd-656501358.jpg,0
s-prd-650832139.jpg,2
s-prd-650832138.jpg,2
s-prd-650832141.jpg,2
s-prd-656881761.jpg,6
s-prd-656882193.jpg,6
s-prd-656882947.jpg,6
s-prd-660357705.jpg,2
s-prd-660357805.jpg,2
s-prd-660358361.jpg,2
s-prd-660946182.jpg,5
s-prd-660945617.jpg,5
s-prd-660945474.jpg,5
s-prd-661470233.jpg,2
s-prd-661470103.jpg,2
s-prd-661470459.jpg,2
s-prd-661476965.jpg,0
s-prd-661477081.jpg,0
s-prd-661477371.jpg,0
s-prd-663351918.jpg,5
s-prd-663352053.jpg,5
s-prd-663353562.jpg,5
s-prd-663354105.jpg,5
s-prd-663354222.jpg,5
s-prd-663354720.jpg,5
s-prd-663359577.jpg,6
s-prd-663359672.jpg,6
s-prd-663361738.jpg,6
s-prd-663713900.jpg,7
s-prd-663713902.jpg,7
s-prd-663714022.jpg,7
s-prd-693776049.jpg,2
s-prd-693776039.jpg,2
s-prd-693776045.jpg,2
s-prd-664279987.jpg,5
s-prd-664280336.jpg,5
s-prd-664281603.jpg,5
s-prd-664430400.jpg,2
s-prd-664430322.jpg,2
s-prd-664430742.jpg,2
s-prd-664434072.jpg,5
s-prd-664433185.jpg,5
s-prd-664436217.jpg,5
s-prd-664800095.jpg,5
s-prd-664800178.jpg,5
s-prd-664800557.jpg,5
s-prd-664800993.jpg,2
s-prd-664801117.jpg,2
s-prd-664801752.jpg,2
s-prd-664824555.jpg,2
s-prd-664824630.jpg,2
s-prd-664825248.jpg,2
s-prd-664830191.jpg,4
s-prd-664830350.jpg,4
s-prd-664832774.jpg,4
s-prd-664856603.jpg,2
s-prd-664856272.jpg,2
s-prd-664856854.jpg,2
s-prd-666741742.jpg,2
s-prd-666741184.jpg,2
s-prd-666741293.jpg,2
s-prd-666760115.jpg,7
s-prd-666759556.jpg,7
s-prd-666759413.jpg,7
s-prd-667118134.jpg,0
s-prd-667118139.jpg,0
s-prd-667118136.jpg,0
s-prd-667126595.jpg,7
s-prd-667126593.jpg,7
s-prd-667126583.jpg,7
s-prd-667125848.jpg,6
s-prd-667126088.jpg,6
s-prd-667126358.jpg,6
s-prd-762698122.jpg,0
s-prd-762698142.jpg,0
s-prd-762698157.jpg,0
s-prd-667262897.jpg,2
s-prd-667263187.jpg,2
s-prd-667263393.jpg,2
s-prd-670111087.jpg,5
s-prd-670111015.jpg,5
s-prd-670111446.jpg,5
s-prd-670178970.jpg,4
s-prd-670180201.jpg,4
s-prd-670511047.jpg,5
s-prd-670511050.jpg,5
s-prd-670511043.jpg,5
s-prd-670667586.jpg,2
s-prd-670667592.jpg,2
s-prd-670667593.jpg,2
s-prd-670677720.jpg,3
s-prd-670677660.jpg,3
s-prd-670677691.jpg,3
s-prd-671608656.jpg,5
s-prd-671608729.jpg,5
s-prd-671609243.jpg,5
s-prd-673789145.jpg,4
s-prd-673789197.jpg,5
s-prd-673789160.jpg,4
s-prd-673789167.jpg,4
s-prd-673789200.jpg,5
s-prd-673789190.jpg,5
s-prd-673789691.jpg,2
s-prd-673789697.jpg,2
s-prd-673789686.jpg,2
s-prd-680814874.jpg,2
s-prd-680815081.jpg,2
s-prd-680815441.jpg,2
s-prd-676962814.jpg,2
s-prd-676962822.jpg,2
s-prd-676964314.jpg,2
s-prd-676964633.jpg,2
s-prd-676916371.jpg,2
s-prd-676916538.jpg,2
s-prd-676917545.jpg,2
s-prd-677395170.jpg,0
s-prd-677395448.jpg,0
s-prd-677395855.jpg,0
s-prd-677880431.jpg,2
s-prd-677880624.jpg,2
s-prd-677881137.jpg,2
s-prd-677906047.jpg,5
s-prd-677906228.jpg,5
s-prd-677906718.jpg,5
s-prd-679752083.jpg,4
s-prd-679752148.jpg,4
s-prd-679753648.jpg,4
s-prd-679808848.jpg,7
s-prd-679808879.jpg,7
s-prd-679809416.jpg,7
s-prd-679810195.jpg,7
s-prd-679810169.jpg,7
s-prd-679810482.jpg,7
s-prd-679810815.jpg,7
s-prd-679811155.jpg,7
s-prd-679811880.jpg,7
s-prd-679817283.jpg,5
s-prd-679817248.jpg,5
s-prd-679817367.jpg,5
s-prd-680198904.jpg,6
s-prd-680199069.jpg,6
s-prd-680199862.jpg,6
s-prd-680258794.jpg,6
s-prd-680258963.jpg,6
s-prd-680259175.jpg,6
s-prd-680698381.jpg,0
s-prd-680698386.jpg,0
s-prd-680698367.jpg,0
s-prd-680823769.jpg,7
s-prd-680823679.jpg,7
s-prd-680824044.jpg,0
s-prd-680824197.jpg,0
s-prd-680824980.jpg,0
s-prd-680825670.jpg,7
s-prd-680842213.jpg,6
s-prd-680842369.jpg,6
s-prd-680843422.jpg,6
s-prd-680844012.jpg,2
s-prd-680844151.jpg,2
s-prd-680844803.jpg,2
s-prd-680845577.jpg,2
s-prd-680845679.jpg,2
s-prd-680846287.jpg,2
s-prd-680774375.jpg,2
s-prd-680774384.jpg,2
s-prd-680774388.jpg,2
s-prd-681266035.jpg,2
s-prd-681265397.jpg,2
s-prd-681268487.jpg,2
s-prd-683568628.jpg,6
s-prd-683565974.jpg,6
s-prd-683567031.jpg,6
s-prd-683609466.jpg,2
s-prd-683609511.jpg,2
s-prd-683610446.jpg,2
s-prd-683623618.jpg,2
s-prd-683623525.jpg,2
s-prd-683624027.jpg,2
s-prd-687040690.jpg,7
s-prd-687039773.jpg,7
s-prd-687039630.jpg,7
s-prd-687079083.jpg,2
s-prd-687080414.jpg,2
s-prd-687082638.jpg,2
s-prd-687206997.jpg,2
s-prd-687207144.jpg,2
s-prd-687207512.jpg,2
s-prd-688158305.jpg,7
s-prd-688158429.jpg,7
s-prd-688158943.jpg,7
s-prd-690339741.jpg,2
s-prd-690339804.jpg,2
s-prd-690340288.jpg,2
s-prd-688088665.jpg,0
s-prd-688088552.jpg,0
s-prd-690434214.jpg,2
s-prd-690432623.jpg,2
s-prd-690432052.jpg,2
s-prd-690484324.jpg,6
s-prd-690484319.jpg,6
s-prd-690484329.jpg,6
s-prd-688078757.jpg,0
s-prd-691371290.jpg,2
s-prd-691371769.jpg,2
s-prd-691371959.jpg,2
s-prd-691372120.jpg,2
s-prd-691372229.jpg,2
s-prd-691372518.jpg,2
s-prd-691372932.jpg,2
s-prd-691372862.jpg,2
s-prd-691373130.jpg,2
s-prd-693337322.jpg,5
s-prd-693336907.jpg,5
s-prd-693338673.jpg,5
s-prd-693338574.jpg,5
s-prd-693339151.jpg,5
s-prd-693357111.jpg,2
s-prd-693357221.jpg,2
s-prd-693357772.jpg,2
s-prd-693358230.jpg,2
s-prd-693358095.jpg,2
s-prd-693358730.jpg,2
s-prd-693809800.jpg,2
s-prd-693809948.jpg,2
s-prd-693810540.jpg,2
s-prd-693912150.jpg,2
s-prd-693912147.jpg,2
s-prd-693912139.jpg,2
s-prd-697332931.jpg,0
s-prd-697332932.jpg,0
s-prd-697332974.jpg,0
s-prd-697814488.jpg,2
s-prd-697813914.jpg,2
s-prd-697813991.jpg,2
s-prd-697891644.jpg,2
s-prd-697891591.jpg,2
s-prd-697891782.jpg,2
s-prd-698342449.jpg,7
s-prd-698342520.jpg,7
s-prd-698343245.jpg,7
s-prd-699590476.jpg,6
s-prd-699590283.jpg,6
s-prd-699590729.jpg,6
s-prd-699676042.jpg,2
s-prd-699676021.jpg,2
s-prd-699675992.jpg,2
s-prd-700229416.jpg,2
s-prd-700229294.jpg,2
s-prd-700233322.jpg,2
s-prd-700626235.jpg,2
s-prd-700626216.jpg,2
s-prd-700626265.jpg,2
s-prd-700639698.jpg,0
s-prd-700639778.jpg,0
s-prd-700640058.jpg,0
s-prd-700645236.jpg,2
s-prd-700645166.jpg,2
s-prd-700645763.jpg,2
s-prd-700647086.jpg,2
s-prd-700647822.jpg,2
s-prd-700648741.jpg,2
s-prd-700711525.jpg,2
s-prd-700711512.jpg,2
s-prd-700711514.jpg,2
s-prd-700853429.jpg,6
s-prd-700853690.jpg,6
s-prd-700853950.jpg,6
s-prd-701821889.jpg,5
s-prd-701821841.jpg,5
s-prd-701822300.jpg,5
s-prd-701823063.jpg,2
s-prd-701823226.jpg,2
s-prd-701824022.jpg,2
s-prd-701866252.jpg,2
s-prd-701866456.jpg,2
s-prd-701866768.jpg,2
s-prd-703908396.jpg,0
s-prd-703908684.jpg,0
s-prd-703909414.jpg,0
s-prd-703910297.jpg,0
s-prd-703910602.jpg,0
s-prd-703910490.jpg,0
s-prd-703923916.jpg,2
s-prd-703924065.jpg,2
s-prd-703924956.jpg,2
s-prd-704376909.jpg,2
s-prd-704375251.jpg,2
s-prd-704375348.jpg,2
s-prd-704414008.jpg,2
s-prd-704414306.jpg,2
s-prd-704414606.jpg,2
s-prd-707296649.jpg,7
s-prd-707296588.jpg,7
s-prd-707297935.jpg,7
s-prd-707707602.jpg,2
s-prd-707707578.jpg,2
s-prd-707707588.jpg,2
s-prd-707775581.jpg,6
s-prd-707775492.jpg,6
s-prd-707776894.jpg,6
s-prd-816891825.jpg,6
s-prd-816895427.jpg,6
s-prd-816894732.jpg,6
s-prd-816894854.jpg,6
s-prd-816891818.jpg,6
s-prd-708988895.jpg,2
s-prd-708989556.jpg,2
s-prd-708989975.jpg,2
s-prd-708990198.jpg,2
s-prd-708990274.jpg,2
s-prd-708990649.jpg,2
s-prd-708990765.jpg,2
s-prd-708990965.jpg,2
s-prd-708991518.jpg,2
s-prd-708992823.jpg,2
s-prd-708995008.jpg,2
s-prd-708993968.jpg,2
s-prd-711513874.jpg,5
s-prd-711514175.jpg,5
s-prd-711514122.jpg,5
s-prd-715065778.jpg,2
s-prd-715065775.jpg,2
s-prd-715065772.jpg,2
s-prd-716255222.jpg,5
s-prd-716254970.jpg,5
s-prd-716255572.jpg,7
s-prd-716255458.jpg,7
s-prd-716259410.jpg,7
s-prd-716262700.jpg,5
s-prd-712077896.jpg,7
s-prd-716305112.jpg,7
s-prd-716305184.jpg,7
s-prd-716305675.jpg,7
s-prd-716336557.jpg,6
s-prd-716337029.jpg,6
s-prd-716346228.jpg,6
s-prd-718256822.jpg,2
s-prd-718256877.jpg,2
s-prd-718257124.jpg,2
s-prd-718257330.jpg,2
s-prd-718257401.jpg,2
s-prd-718257588.jpg,2
s-prd-808565198.jpg,2
s-prd-808565303.jpg,2
s-prd-808566368.jpg,2
s-prd-808565895.jpg,2
s-prd-718750267.jpg,0
s-prd-718750478.jpg,0
s-prd-718751143.jpg,7
s-prd-718751347.jpg,7
s-prd-718751916.jpg,7
s-prd-718751849.jpg,7
s-prd-718752703.jpg,0
s-prd-718752996.jpg,7
s-prd-718753629.jpg,7
s-prd-718783502.jpg,5
s-prd-718783908.jpg,5
s-prd-718949185.jpg,0
s-prd-718949594.jpg,0
s-prd-718950947.jpg,0
s-prd-719292167.jpg,2
s-prd-719292273.jpg,2
s-prd-719292842.jpg,2
s-prd-719315498.jpg,2
s-prd-719315213.jpg,2
s-prd-719315705.jpg,2
s-prd-719343019.jpg,0
s-prd-719342769.jpg,0
s-prd-719343497.jpg,0
s-prd-719378325.jpg,2
s-prd-719378276.jpg,2
s-prd-719378540.jpg,2
s-prd-721839217.jpg,2
s-prd-721839056.jpg,2
s-prd-721839586.jpg,2
s-prd-721840324.jpg,2
s-prd-721840488.jpg,2
s-prd-721840769.jpg,2
s-prd-722388237.jpg,5
s-prd-722388247.jpg,5
s-prd-722388243.jpg,5
s-prd-722389367.jpg,1
s-prd-722389700.jpg,1
s-prd-722389451.jpg,1
s-prd-722466340.jpg,0
s-prd-722466519.jpg,0
s-prd-722466874.jpg,0
s-prd-723013772.jpg,6
s-prd-723014074.jpg,0
s-prd-723014176.jpg,0
s-prd-723014240.jpg,0
s-prd-723503031.jpg,6
s-prd-723502515.jpg,6
s-prd-723505745.jpg,6
s-prd-725902948.jpg,0
s-prd-725903016.jpg,0
s-prd-725903164.jpg,0
s-prd-725967589.jpg,6
s-prd-725966783.jpg,6
s-prd-725966693.jpg,6
s-prd-725957205.jpg,2
s-prd-725957198.jpg,2
s-prd-725957207.jpg,2
s-prd-726521854.jpg,2
s-prd-726520965.jpg,2
s-prd-726521101.jpg,2
s-prd-711638163.jpg,2
s-prd-711638313.jpg,2
s-prd-711638393.jpg,2
s-prd-728334312.jpg,2
s-prd-728334388.jpg,2
s-prd-728334702.jpg,2
s-prd-728505920.jpg,0
s-prd-728506095.jpg,0
s-prd-728506326.jpg,0
s-prd-729665517.jpg,0
s-prd-729665519.jpg,0
s-prd-729665523.jpg,0
s-prd-726513831.jpg,0
s-prd-726514794.jpg,0
s-prd-730699729.jpg,2
s-prd-730699677.jpg,2
s-prd-730699944.jpg,2
s-prd-723528917.jpg,4
s-prd-723528902.jpg,4
s-prd-732614174.jpg,2
s-prd-732614589.jpg,2
s-prd-732614313.jpg,2
s-prd-732614972.jpg,2
s-prd-732614880.jpg,2
s-prd-732615096.jpg,2
s-prd-734281050.jpg,5
s-prd-734281181.jpg,5
s-prd-734281736.jpg,5
s-prd-734282319.jpg,7
s-prd-734282160.jpg,7
s-prd-734282481.jpg,7
s-prd-734332260.jpg,1
s-prd-734332330.jpg,1
s-prd-734332560.jpg,1
s-prd-734333066.jpg,2
s-prd-734332998.jpg,2
s-prd-734333478.jpg,2
s-prd-736359404.jpg,2
s-prd-736359397.jpg,2
s-prd-736359405.jpg,2
s-prd-732120196.jpg,5
s-prd-736761877.jpg,5
s-prd-736761980.jpg,5
s-prd-736762293.jpg,5
s-prd-736950207.jpg,2
s-prd-736950116.jpg,2
s-prd-736950456.jpg,2
s-prd-736951247.jpg,2
s-prd-736951608.jpg,2
s-prd-736951464.jpg,2
s-prd-733693733.jpg,0
s-prd-733701798.jpg,0
s-prd-737940396.jpg,6
s-prd-737940283.jpg,6
s-prd-737941180.jpg,6
s-prd-730798761.jpg,0
s-prd-715846600.jpg,2
s-prd-737990770.jpg,2
s-prd-737990420.jpg,2
s-prd-737991455.jpg,2
s-prd-740253580.jpg,2
s-prd-740254406.jpg,2
s-prd-740267620.jpg,0
s-prd-740267590.jpg,0
s-prd-740267608.jpg,0
s-prd-740447486.jpg,7
s-prd-740447655.jpg,7
s-prd-740448030.jpg,7
s-prd-741428041.jpg,7
s-prd-741428823.jpg,7
s-prd-741454466.jpg,0
s-prd-741454724.jpg,0
s-prd-741454946.jpg,0
s-prd-741471495.jpg,5
s-prd-741471914.jpg,5
s-prd-741472442.jpg,2
s-prd-741472531.jpg,2
s-prd-741472766.jpg,2
s-prd-741502355.jpg,4
s-prd-741502486.jpg,4
s-prd-741502771.jpg,4
s-prd-744038751.jpg,4
s-prd-744038665.jpg,4
s-prd-744038985.jpg,4
s-prd-744683140.jpg,7
s-prd-744682972.jpg,7
s-prd-744683407.jpg,7
s-prd-737940524.jpg,0
s-prd-745166822.jpg,4
s-prd-745166919.jpg,4
s-prd-745167410.jpg,4
s-prd-747837578.jpg,6
s-prd-747836966.jpg,6
s-prd-747836866.jpg,6
s-prd-748860673.jpg,5
s-prd-748860725.jpg,5
s-prd-748861428.jpg,5
s-prd-750171525.jpg,0
s-prd-750171294.jpg,0
s-prd-750171163.jpg,0
s-prd-751329013.jpg,2
s-prd-751329239.jpg,2
s-prd-751329815.jpg,2
s-prd-751359209.jpg,5
s-prd-751357486.jpg,5
s-prd-751358412.jpg,5
s-prd-751359049.jpg,5
s-prd-751359473.jpg,5
s-prd-751479969.jpg,1
s-prd-751480049.jpg,1
s-prd-751480029.jpg,1
s-prd-751479935.jpg,1
s-prd-751479996.jpg,1
s-prd-752549102.jpg,5
s-prd-752550464.jpg,5
s-prd-752549271.jpg,5
s-prd-752550779.jpg,2
s-prd-752555801.jpg,2
s-prd-752556439.jpg,2
s-prd-752555723.jpg,2
s-prd-752550671.jpg,2
s-prd-752574667.jpg,1
s-prd-752575241.jpg,5
s-prd-752575196.jpg,5
s-prd-737409752.jpg,1
s-prd-737412099.jpg,0
s-prd-752576585.jpg,1
s-prd-752574580.jpg,1
s-prd-737412182.jpg,5
s-prd-752576846.jpg,5
s-prd-737409832.jpg,5
s-prd-752586737.jpg,5
s-prd-752587594.jpg,5
s-prd-752588183.jpg,5
s-prd-756229575.jpg,5
s-prd-756228020.jpg,5
s-prd-756232750.jpg,5
s-prd-756255735.jpg,2
s-prd-756255886.jpg,2
s-prd-756256453.jpg,2
s-prd-758788377.jpg,6
s-prd-758788366.jpg,6
s-prd-758788372.jpg,6
s-prd-758853476.jpg,1
s-prd-758853374.jpg,1
s-prd-758853725.jpg,1
s-prd-758876505.jpg,5
s-prd-758876433.jpg,5
s-prd-758876835.jpg,5
s-prd-758877480.jpg,2
s-prd-758877207.jpg,2
s-prd-758877152.jpg,2
s-prd-759492364.jpg,2
s-prd-759492814.jpg,2
s-prd-759493175.jpg,2
s-prd-759492259.jpg,2
s-prd-759492543.jpg,2
s-prd-759492711.jpg,2
s-prd-759513690.jpg,7
s-prd-759513907.jpg,7
s-prd-759514477.jpg,7
s-prd-760002136.jpg,5
s-prd-760001435.jpg,5
s-prd-760002018.jpg,5
s-prd-760000784.jpg,5
s-prd-760000669.jpg,5
s-prd-760002822.jpg,5
s-prd-760031340.jpg,6
s-prd-760031636.jpg,6
s-prd-760032632.jpg,6
s-prd-762051725.jpg,2
s-prd-762050418.jpg,6
s-prd-762048467.jpg,5
s-prd-762048797.jpg,5
s-prd-762051102.jpg,6
s-prd-762049325.jpg,6
s-prd-762051549.jpg,2
s-prd-762048539.jpg,5
s-prd-762049601.jpg,6
s-prd-762051626.jpg,2
s-prd-762050362.jpg,6
s-prd-762049726.jpg,6
s-prd-755650422.jpg,6
s-prd-763709339.jpg,6
s-prd-763709553.jpg,6
s-prd-763709280.jpg,6
s-prd-763760079.jpg,7
s-prd-763760165.jpg,7
s-prd-763759330.jpg,5
s-prd-763759975.jpg,5
s-prd-763759545.jpg,5
s-prd-763760359.jpg,7
s-prd-766282009.jpg,2
s-prd-766281694.jpg,2
s-prd-766281592.jpg,2
s-prd-766393049.jpg,2
s-prd-766393515.jpg,2
s-prd-766392936.jpg,2
s-prd-767485313.jpg,4
s-prd-767485413.jpg,4
s-prd-767485734.jpg,4
s-prd-767494988.jpg,7
s-prd-767495841.jpg,7
s-prd-767495370.jpg,7
s-prd-767507626.jpg,5
s-prd-767507948.jpg,5
s-prd-767507487.jpg,5
s-prd-767519869.jpg,6
s-prd-767519517.jpg,6
s-prd-767519636.jpg,6
s-prd-767533535.jpg,5
s-prd-767532803.jpg,5
s-prd-767532924.jpg,5
s-prd-771154570.jpg,7
s-prd-771154650.jpg,7
s-prd-771154093.jpg,7
s-prd-771154176.jpg,7
s-prd-771154687.jpg,7
s-prd-771154301.jpg,7
s-prd-770127306.jpg,4
s-prd-770161186.jpg,2
s-prd-770160796.jpg,2
s-prd-770160293.jpg,2
s-prd-770164382.jpg,2
s-prd-770585540.jpg,7
s-prd-770584739.jpg,7
s-prd-770584842.jpg,7
s-prd-774836609.jpg,5
s-prd-774837279.jpg,5
s-prd-774837124.jpg,5
s-prd-774836540.jpg,5
s-prd-774860069.jpg,1
s-prd-774860240.jpg,1
s-prd-774860409.jpg,1
s-prd-776360453.jpg,7
s-prd-776359927.jpg,7
s-prd-776360033.jpg,7
s-prd-776954982.jpg,0
s-prd-776955560.jpg,0
s-prd-776955196.jpg,0
s-prd-778134911.jpg,6
s-prd-778135232.jpg,7
s-prd-778134435.jpg,6
s-prd-778134533.jpg,6
s-prd-778135270.jpg,7
s-prd-778135129.jpg,7
s-prd-778138789.jpg,2
s-prd-778138543.jpg,2
s-prd-778139589.jpg,2
s-prd-784541963.jpg,5
s-prd-784540762.jpg,5
s-prd-784540419.jpg,5
s-prd-785675193.jpg,0
s-prd-785675318.jpg,0
s-prd-785675540.jpg,0
s-prd-789353861.jpg,2
s-prd-789353931.jpg,2
s-prd-789354186.jpg,2
s-prd-788938822.jpg,5
s-prd-788938829.jpg,5
s-prd-788938826.jpg,5
s-prd-788938820.jpg,5
s-prd-792921034.jpg,5
s-prd-792920913.jpg,5
s-prd-792920653.jpg,5
s-prd-798621912.jpg,0
s-prd-798621908.jpg,0
s-prd-799020485.jpg,5
s-prd-799021593.jpg,0
s-prd-810318940.jpg,5
s-prd-810318544.jpg,5
s-prd-810318634.jpg,5
s-prd-801830466.jpg,2
s-prd-801833355.jpg,2
s-prd-801831018.jpg,2
s-prd-801890842.jpg,2
s-prd-801890839.jpg,2
s-prd-801890843.jpg,2
s-prd-805568898.jpg,6
s-prd-805569066.jpg,6
s-prd-805572214.jpg,6
s-prd-805567621.jpg,6
s-prd-805568340.jpg,6
s-prd-805569549.jpg,6
s-prd-805567961.jpg,6
s-prd-810350635.jpg,0
s-prd-810351033.jpg,0
s-prd-810352341.jpg,2
s-prd-810350800.jpg,0
s-prd-806737683.jpg,0
s-prd-810351993.jpg,2
s-prd-810351852.jpg,2
s-prd-810366135.jpg,2
s-prd-810365682.jpg,2
s-prd-810365566.jpg,2
s-prd-812955308.jpg,6
s-prd-812955655.jpg,2
s-prd-812955400.jpg,6
s-prd-812956099.jpg,6
s-prd-812955813.jpg,6
s-prd-812955529.jpg,6
s-prd-813104483.jpg,0
s-prd-813104923.jpg,0
s-prd-813104553.jpg,0
s-prd-816840061.jpg,7
s-prd-816838229.jpg,7
s-prd-816837824.jpg,7
s-prd-816837604.jpg,7
s-prd-816921722.jpg,2
s-prd-816921882.jpg,2
s-prd-816922714.jpg,2
s-prd-817999507.jpg,4
s-prd-817999322.jpg,4
s-prd-817999248.jpg,4
s-prd-818017666.jpg,6
s-prd-818016717.jpg,5
s-prd-818019123.jpg,5
s-prd-818019368.jpg,5
s-prd-818016532.jpg,5
s-prd-818019450.jpg,5
s-prd-818020395.jpg,5
s-prd-818017875.jpg,6
s-prd-818016911.jpg,5
s-prd-818018502.jpg,6
s-prd-818019985.jpg,5
s-prd-818020135.jpg,5
s-prd-818052285.jpg,5
s-prd-818052567.jpg,5
s-prd-818052344.jpg,5
s-prd-820554883.jpg,2
s-prd-820556191.jpg,2
s-prd-820554156.jpg,2
s-prd-820558468.jpg,2
s-prd-856668096.jpg,2
s-prd-856665590.jpg,2
s-prd-856665592.jpg,2
